0,None,大客户
55118,davost,北京分公司
136072,汉唐电子,上海分公司
229301,dfguanli,北京分公司
261286,东郊机械,石家庄盘古
266898,上海永发,上海分公司
275994,ql-朝日商务,上海分公司
280221,u0744,苏州仕德伟
281450,瑞祥佳艺,北京分公司
282482,syms,大连龙采
285473,hjzk,大连龙采
289437,四通搬家,北京分公司
291098,ql-乐宁,上海分公司
297217,认证考试,上海分公司
299319,仁达方略,北京分公司
299908,乐泰电脑培训学校,重庆网润
302418,apheping,石家庄盘古
305082,51sobu,上海分公司
305217,enerpachina,广州分公司
307400,zhuoyue96,石家庄盘古
307768,bthssy,石家庄盘古
308217,sh-朗格,上海分公司
308743,vpih,苏州仕德伟
309517,ql-恒积,上海分公司
309577,sh-mtchina,上海分公司
309613,psychcn,北京分公司
312618,企业商务网,天津企商
312933,侯大勇,成都百都
314296,kingline,北京分公司
315352,万户网络,广州分公司
315384,ql-卡柏,上海分公司
315576,dlmonita,大连龙采
316906,hbqxsb,石家庄盘古
320820,edu24ol,北京分公司
321692,华阳玻璃珠,石家庄盘古
323060,httraffic,石家庄盘古
324342,slchina-chache,苏州仕德伟
325387,sh-维格利,上海分公司
325533,sh-海勃,上海分公司
327643,汇中仪表,石家庄盘古
328034,sh-富菱,上海分公司
328309,美中国际,成都百都
336175,生殖医院01,成都百都
338868,山东法因,济南开创
340221,sangle,济南开创
341943,egoedu,北京分公司
343154,huaxingzg,石家庄盘古
344384,技能培训,成都百都
347497,cdjzjg114,成都百都
347504,szshuguang,深圳分公司
347511,金恒创新,北京分公司
348311,平成日语,武汉百捷
350482,chengzhan,苏州仕德伟
351573,shb-厚文康体,上海分公司
353299,bojin168,苏州仕德伟
355137,haolee,北京分公司
356228,shb-荟艺,上海分公司
359181,hrbtianmai,黑龙江龙采
363124,hbhplj,石家庄盘古
363910,pantone-color,广州分公司
368061,北京金东方,北京分公司
368509,hnytjs,湖南竞网
369888,wuhanaccp,武汉百捷
371368,mirae,深圳分公司
374016,赛龙环保,盐城思科
377708,shangle,上海分公司
378418,holly-e,北京分公司
381024,shb-巴黎,上海分公司
382127,szboai,深圳分公司
383028,ps_音之舞,浙江首传
383692,SZ-tjyy,苏州仕德伟
384391,whzyrs,武汉百捷
385259,四川罗茨,成都百都
387423,shb-帝邦,上海分公司
392346,河南整形,河南锐之旗
392785,华清远见,北京分公司
394061,jpmengpao,北京分公司
395725,gyhengtongjx,河南锐之旗
396476,今日房屋,成都百都
397999,shb-绿光,上海分公司
398876,cctcct,深圳分公司
399307,shb-华章,上海分公司
400097,西婵整形,成都百都
400432,shb-森井,上海分公司
402121,北京西蔓色彩,北京分公司
403294,taiyuannongnong,山西龙采
403476,zdmba,广州分公司
403579,阳光妇科,成都百都
408488,m14tnb120,北京分公司
408690,flowercn,深圳分公司
411545,gz-xinqiao,广州分公司
411710,ritelok,苏州仕德伟
411787,xdschool,北京分公司
416088,霸州金桥,石家庄盘古
416706,desp99sz,苏州仕德伟
418293,天都纸业,河南锐之旗
421639,ps_新视觉培训,浙江首传
425466,baidu0551,沈阳盘古
426005,gzra,广州分公司
429202,zsyfjx,北京分公司
429315,太仓双益,苏州仕德伟
429702,现代女子医院,重庆网润
432729,宏达路桥,河南锐之旗
433837,东方整型,河南锐之旗
434921,票务中国网,北京分公司
436674,shb-玫瑰女子,上海分公司
443059,photonix,苏州仕德伟
444755,王子安,天津企商
447995,shb-韩佳岚,上海分公司
448049,mxsldz,苏州仕德伟
451337,shb-春亭,上海分公司
451774,ps_心心缘,浙江首传
457987,huajiemba,深圳分公司
458418,szwz120,深圳分公司
458452,qdzhongxin,青岛商至信
458457,sxmw12,山西龙采
459587,shb-约瑟芬,上海分公司
460772,环球美容美发,河南锐之旗
460967,shb-埃菲,上海分公司
463359,红星高频,石家庄盘古
463701,shb-金琥,上海分公司
463862,shb-五加一,上海分公司
466923,dzglsb,上海分公司
467263,hr-xinhongru,北京分公司
469739,中策装饰,云南创网
470527,cndns,上海分公司
470973,恒安离心机,苏州仕德伟
471170,shb-上虞,上海分公司
473197,shb-shnk,上海分公司
473427,化装摄影,河南锐之旗
476615,京华塑料,石家庄盘古
479883,shb-速洁,上海分公司
479956,shb-爱尔,上海分公司
481204,嘉博士,温州国技
482950,shb-cswoman,上海分公司
484289,广州多迪,广州分公司
485209,雪中情,河南锐之旗
486926,shb-文峰,上海分公司
487213,shb-多荣,上海分公司
488239,zs66181818,北京分公司
491363,szxinlin,苏州仕德伟
492328,apollohp,上海分公司
493726,shb-群坛,上海分公司
497203,zsloan,北京分公司
497465,东方男科,济南开创
497705,宏德商贸,黑龙江龙采
501669,qhdcc,石家庄盘古
502465,zoree,苏州仕德伟
503645,卓科条码,苏州仕德伟
505138,szcytsxh,苏州仕德伟
505264,shb-和家网,上海分公司
506146,akbjgoogle,北京分公司
507185,shb-立格,上海分公司
508585,szhysound,深圳分公司
508681,ps_洲际文化,浙江首传
509396,陈果,云南创网
512047,华利庆典,河南锐之旗
512105,hpaccp,武汉百捷
513614,zsms38,北京分公司
515394,bangzi,石家庄盘古
516122,mbaedu,北京分公司
518541,shb-金泰,上海分公司
518665,净衣馆,成都百都
520755,netentsec,北京分公司
522515,shb-潘晓,上海分公司
523452,tongchuangtongde,北京分公司
526260,图腾鑫,武汉百捷
527685,zmyad5,北京分公司
528918,成都曙光男科,成都百都
530244,payy,深圳分公司
533040,pcyy,深圳分公司
534234,ylsbw,苏州仕德伟
534248,jdmz,苏州仕德伟
536063,shb-西琥基,上海分公司
536289,yjpb,苏州仕德伟
536311,paris-spring,深圳分公司
536378,bj-雅歌,北京分公司
536932,中泊防爆,石家庄盘古
537794,shb-91800,上海分公司
540284,bjkingdee,北京分公司
545281,shb-申花光能,上海分公司
545667,shb-震坤行,上海分公司
547897,shgmzl,上海分公司
548660,shb-玉娇,上海分公司
549180,山东红十字医院,济南开创
549289,xa-jindi,陕西博德
550016,唐山宏发,石家庄盘古
550282,tjchikai,天津企商
550393,盛兴食品机械,石家庄盘古
551131,yinhe100,武汉百捷
551797,tonglilakeviewhotel,苏州仕德伟
552094,长江医院,南京首屏
552496,shb-万客易,上海分公司
557002,元泉瑜伽,武汉百捷
557889,szjfr,深圳分公司
558914,东莞蒙恬,东莞分公司
562110,博大男科,成都百都
562438,ServUcn,浙江首传
566413,shb-松下盛一,上海分公司
566733,shb-卓众,上海分公司
567428,zsshenbing,北京分公司
567844,华美整形美容,成都百都
567940,中医肝病,山西龙采
570291,恒星机械,河南锐之旗
571490,education,北京分公司
572709,pala,武汉百捷
573558,szrunbo,苏州仕德伟
577233,baidu06496,沈阳盘古
577981,成都大发搬家,成都百都
578324,ps-新华网络,浙江首传
579251,whms,武汉百捷
579306,成都维多利亚,成都百都
580305,mlhsy,北京分公司
584968,szangem,苏州仕德伟
585421,绿博包装,石家庄盘古
587275,lfxinhua,石家庄盘古
588232,移民网,北京分公司
592681,金鼎机械,长春盘古
595515,迁安益昌电子,石家庄盘古
599144,shb-白玉兰5,上海分公司
600077,科隆织带,苏州仕德伟
601027,0512t,苏州仕德伟
602229,鲁山蝎子,河南锐之旗
603637,shb-永琪美发,上海分公司
604250,dongyong,苏州仕德伟
604341,sf-jl,苏州仕德伟
607100,龙泉电器,河南锐之旗
607478,中威机床,南京首屏
608465,jyds999,石家庄盘古
608805,szwtdz,苏州仕德伟
609350,羽飞,武汉百捷
610288,bj-时代众乐,北京分公司
614304,bj-jcxd,北京分公司
614331,新春锁匙,苏州仕德伟
614917,海讯,天津企商
620122,郑州华山医院,河南锐之旗
621713,海洋畜牧学院,济南开创
622202,京尚名家,河南锐之旗
622254,立聪堂,南京首屏
623357,hiknow,上海分公司
625462,shb-张杰01,上海分公司
625545,baidu070146,沈阳盘古
630069,海峡整形,福建百纳
630332,shb-shdingsheng,上海分公司
632475,唐山北大青鸟,石家庄盘古
632952,禧年新时尚,河南锐之旗
633120,shb-真怡,上海分公司
633541,宣化华泰,石家庄盘古
634529,shb-安博,上海分公司
634698,shb-极之索,上海分公司
635038,hbytjg,石家庄盘古
635140,南京康美,南京首屏
635626,bj-厚泽,北京分公司
635960,amtsz,深圳分公司
637048,shb-加凯略,上海分公司
639581,滨才留学,黑龙江龙采
639783,visa160,深圳分公司
646582,翰铭数码,重庆网润
647585,yh123,石家庄盘古
650814,海城万波龙,大连龙采
650940,郑州鼎盛,河南锐之旗
651216,中安信业,深圳分公司
653582,渝强石锅,重庆网润
654415,shb-昱明,上海分公司
655136,sotxsb,温州国技
655831,sjzsz120,石家庄盘古
659161,sanding,苏州仕德伟
659316,卡耐基学校,广州分公司
659616,欧拿干燥,常州青之峰
662117,shb-比迪工业,上海分公司
662496,西方密封件,石家庄盘古
664772,shb-环球雅思,上海分公司
667920,老兵搬家,成都百都
668411,lyrongke,新乡青峰
668673,fyjl,苏州仕德伟
669401,lxdy,苏州仕德伟
669630,欧亚男科,成都百都
669938,shb-继续教育,上海分公司
670013,shb-南浦,上海分公司
670331,增福制冷设备,河南锐之旗
672495,华西妇科,重庆网润
673811,琪飞台球桌,成都百都
677207,shb-聚通建筑,上海分公司
677620,shb-赢在起点,上海分公司
678758,成美整形,成都百都
685258,shb-劳斯伯格,上海分公司
688656,河南华泰,河南锐之旗
690164,shb-奇遇,上海分公司
691294,弘裕商贸,河南锐之旗
692641,xinzhidian3705,无锡泛亚
694628,博士德软件,石家庄盘古
696886,测试空间,北京分公司
697150,保定美伦,石家庄盘古
700379,新世纪医院,河南锐之旗
701396,一统金,南京首屏
703686,baidu-虹桥医院,上海分公司
703702,瑜伽学院,南京首屏
704484,xxwang,黑龙江龙采
705242,武汉现代女子,武汉百捷
708490,bj-北京就业,北京分公司
709557,仁爱传播,上海分公司
709567,天大医疗,上海分公司
712776,bj-元昊,北京分公司
715363,shb-开合,上海分公司
715548,诺亚招聘,石家庄盘古
719291,新成科星电子,成都百都
720717,bj-环球精英,北京分公司
724374,shb-立丰,上海分公司
732928,sy-龙运,沈阳盘古
733237,dongbeismw,黑龙江龙采
733289,accthome,苏州仕德伟
733809,shb-电气工程,上海分公司
734526,bj-俊杰建材,北京分公司
734761,shb-和中,上海分公司
735627,深圳现代经典,深圳分公司
735800,温州同德,温州国技
735911,天津华北医院,天津企商
739033,shb-市中教育,上海分公司
740703,金海岸婚纱,天津企商
740916,txcar,北京分公司
743195,shb-德奈福,上海分公司
743759,shb-心灵花园,上海分公司
747884,玛丽亚,黑龙江龙采
748365,gz-女子医院,广州分公司
748644,长海医院,湖南竞网
749914,bj-嘉森,北京分公司
750159,ps_时光医院,浙江首传
750604,台湾捷豹空压机,天津企商
753453,瑞萌,厦门易尔通
760186,tl-vogue,武汉百捷
761380,shb-至泰,上海分公司
762312,easymei,北京分公司
762364,paris-wedding,深圳分公司
762800,荷芙蔓整形,成都百都
762901,bj-youwinedu,北京分公司
764528,河北凯华,石家庄盘古
764904,苏州喜洋洋,苏州仕德伟
766310,szdtfd,苏州仕德伟
768117,jstwjc,苏州仕德伟
768759,shb-时光ZX,上海分公司
770164,富华美容,深圳分公司
772004,whkingdee,武汉百捷
772844,友谊医院2,南京首屏
773244,ps-新天地培训,浙江首传
773630,anws,苏州仕德伟
773852,东北管业,黑龙江龙采
776574,鑫财软件,河南锐之旗
777706,sy-天台山,沈阳盘古
777772,shb-元硕,上海分公司
778572,huanyutc,苏州仕德伟
779095,崔记糖葫芦,济南开创
781951,华泰空分,成都百都
783396,苏索科技,南京首屏
783518,shb-安美途,上海分公司
791069,韩都,黑龙江龙采
792849,szfygp,苏州仕德伟
793828,sy-机房设施,沈阳盘古
795699,凤凰岛,南京首屏
799963,协和不孕不育,南京首屏
801329,hb1888,苏州仕德伟
802569,盐城吉华,盐城思科
804170,shb-馨月,上海分公司
804533,麟壹,深圳分公司
805309,新空间装饰,成都百都
806466,shb-群莉,上海分公司
808263,sy-健源,沈阳盘古
808945,xa-yutongxs,陕西博德
811058,维纳斯婚纱,成都百都
812987,协和妇科,长春盘古
814906,bj_98,北京分公司
817288,jdlb,苏州仕德伟
817336,江淮叉车,成都百都
818107,shb-上海乔治,上海分公司
818495,joindex,沈阳盘古
820752,捷昌,苏州仕德伟
821166,shb-dd,上海分公司
821812,流明新能源lmxny,安徽网新
822075,jsbeier,苏州仕德伟
822611,lftongli,石家庄盘古
824231,长沙阳光,湖南竞网
824656,东方美术,石家庄盘古
828034,shb-福乐阁,上海分公司
829239,九龙医院,成都百都
829934,永备科技,重庆网润
830724,liangyv,苏州仕德伟
831497,sy-世博外语,沈阳盘古
834359,易贝教育,广州分公司
834677,振瓯电子,温州国技
836983,zd-uv,苏州仕德伟
838988,长沙安贞医院,湖南竞网
839118,金环宇,东莞分公司
839569,重庆康动,重庆网润
843864,tonming,苏州仕德伟
848154,盛大激光,东莞分公司
848592,bj-星熠燎原,北京分公司
850091,和民木业,石家庄盘古
850432,xa-mona-lisa,陕西博德
851202,蓝太阳装饰,成都百都
853044,shb-michael,上海分公司
855977,shb-一乔,上海分公司
856508,st-博库教育咨询,浙江首传
856535,hdaccp,石家庄盘古
857708,浩泽科技,天津企商
858137,ln-大河贝,沈阳盘古
858449,天一学院,成都百都
859701,奥涵形象设计,河南锐之旗
863356,红十字口腔医院,山西龙采
863418,shb-体适能,上海分公司
864457,gn视觉,石家庄盘古
864528,shb-安可二手,上海分公司
865026,shb-春普,上海分公司
868486,ln-鑫迪,沈阳盘古
868675,京华非开挖,石家庄盘古
870841,豫中铁合金,河南锐之旗
870960,广济门诊部,深圳分公司
871239,shb-公主婚纱,上海分公司
871477,凌云职业培训,河南锐之旗
871753,开封丽星机械,河南锐之旗
871976,燕子摄影yzsy,安徽网新
872984,V摄影,山西龙采
875321,szhy,苏州仕德伟
875507,济南环球雅思,济南开创
875938,北京饭庄,河南锐之旗
876010,shb-珍妮花摄影,上海分公司
876497,曙光整形美容,广州分公司
878535,shb-大嘴,上海分公司
879794,hxtqz,苏州仕德伟
880367,ht服装,苏州仕德伟
880974,雄县盛华塑料,石家庄盘古
881278,shb-稳压器厂,上海分公司
882212,曲线美,广州分公司
882332,神州钢管,石家庄盘古
884257,杭州人才网,浙江首传
885143,shb-上海永乐楼宇,上海分公司
887536,nvwang,黑龙江龙采
888000,otje,上海分公司
889772,bj-城市花园,北京分公司
890827,山东华夏医院,济南开创
891650,jdhy,苏州仕德伟
899382,sy-九州医院,沈阳盘古
900019,5118388com,云南创网
900545,新潮铁件,石家庄盘古
901942,xa-royalenglish,陕西博德
904726,杭州阿波罗,浙江首传
913262,weihaosoft,云南创网
913484,东旭阳,北京分公司
913786,一品柏家,成都百都
915173,兴泰纤维素,石家庄盘古
921108,jpmy,苏州仕德伟
923093,太康银晨锅炉厂,河南锐之旗
923828,gm-cn,广州分公司
924213,010jg,北京分公司
926092,爱容医院,济南开创
927078,易迈科技,天津企商
928951,华美美容,福建百纳
930271,bj-百援,北京分公司
930627,唐山肛肠医院,石家庄盘古
931985,广州男科医院,广州分公司
934068,kaikang,苏州仕德伟
935614,shb-利磊,上海分公司
935745,长城实业,河南锐之旗
938261,同伟电脑,温州国技
938965,爱尔眼科医院,重庆网润
943227,jsjysz,苏州仕德伟
948548,shb-双匀,上海分公司
948742,四川不孕不育,成都百都
949381,shb-名冠滤材,上海分公司
951256,广一机电,苏州仕德伟
952438,jv06,云南创网
953466,tyywj,石家庄盘古
957435,古摄影,成都百都
957485,yutongjixie,石家庄盘古
957811,中仪自动化,苏州仕德伟
957992,哈尔滨协和医院,黑龙江龙采
962489,shb-伊凡诺,上海分公司
962602,yzyanghui,苏州仕德伟
965549,百佳化工,河南锐之旗
965560,xa-xabuxi,陕西博德
966208,声声爱乐,北京分公司
967307,szange,苏州仕德伟
968772,中冶球阀,盐城思科
969684,nmgzql,呼和浩特开企
973215,shb-润泰装饰,上海分公司
974492,shb-凡仔餐饮,上海分公司
978368,ps_新通出入境,浙江首传
979577,shb-江铃,上海分公司
982034,天津小猫线缆,天津企商
984089,爱知日语培训,重庆网润
984617,szxkpx,苏州仕德伟
986356,华美整形医院,重庆网润
986717,xiaojiang100,苏州仕德伟
986821,yzcbky,苏州仕德伟
987051,xa-scedu,陕西博德
987343,射阳宏达,盐城思科
988721,省文标榜,河南锐之旗
989598,长沙五洲医院,湖南竞网
989833,通江机械,河南锐之旗
990337,bj-锐仕,北京分公司
991192,郑州女子医院,河南锐之旗
991442,hongrigang,苏州仕德伟
991741,大智学校,济南开创
992641,byhuabao,苏州仕德伟
992737,ps_英之辅,浙江首传
993486,济南震华,济南开创
994381,cqyhc,重庆网润
996083,shb-欧能优,上海分公司
997665,河北华柴,石家庄盘古
998715,js货运,苏州仕德伟
1001454,nnhs,无锡泛亚
1003916,szkangjia,苏州仕德伟
1004401,shb-段鹏飞,上海分公司
1005901,bj-华翔远航,北京分公司
1005998,外国语专业学校,成都百都
1007665,shb-鸿洋电子,上海分公司
1007902,cswhty,苏州仕德伟
1009050,世纪软程,武汉百捷
1009472,shb-新雅,上海分公司
1009856,翔林汽贸,成都百都
1009862,bj-天地精华,北京分公司
1011894,shb-何文月,上海分公司
1013062,ps_美迪亚,浙江首传
1015455,xa-xadtedu,陕西博德
1016180,kmhm,云南创网
1016957,怡康妇科,深圳分公司
1017040,军民搬家,成都百都
1018078,润迅服务,深圳分公司
1018546,荣成制冷,成都百都
1019576,bj-金三优,北京分公司
1019848,红叶苗木,河南锐之旗
1020360,hb_zjkxj,石家庄盘古
1020371,sy-宏辉,沈阳盘古
1022059,芬尼斯皮革,重庆网润
1022539,boai,武汉百捷
1022853,taorui,北京分公司
1023458,xa-zlbenet,陕西博德
1030620,xa-maya,陕西博德
1031363,森亿达,石家庄盘古
1032273,唐山五官医院,石家庄盘古
1034004,长春东大,长春盘古
1036568,都市丽人,大连龙采
1037276,欣欣阳光,成都百都
1038374,shb-志海,上海分公司
1039581,康桥眼科,成都百都
1039840,shb-赫兹,上海分公司
1041430,信息工程计算机学校,成都百都
1045784,shb-得时康08,上海分公司
1051457,qdmali,烟台欣商
1051869,2228111,苏州仕德伟
1052055,牛商网,深圳分公司
1059455,shb-喜之缘,上海分公司
1060624,shb-同理心,上海分公司
1062452,yzyc688,苏州仕德伟
1064313,思洋信息,深圳分公司
1064521,润雨,黑龙江龙采
1064611,haixinsz008,苏州仕德伟
1065599,shb-格林路得,上海分公司
1066366,香香美食,河南锐之旗
1069721,胡景,深圳分公司
1069880,shb-浪铭,上海分公司
1071888,余云,广州分公司
1073240,ps_引航商务,浙江首传
1073252,delifeng1,烟台欣商
1075667,华千,黑龙江龙采
1076158,szmylike,苏州仕德伟
1081515,重庆环球雅思,重庆网润
1081968,天马气模,成都百都
1083806,sy-永乐青山墓园,沈阳盘古
1085080,bj-飘HOME,北京分公司
1085375,shb-皮肤病科研,上海分公司
1086776,yzhaoyu,苏州仕德伟
1087551,lslsgs,石家庄盘古
1091101,隆正刚,武汉百捷
1091589,河南中天,河南锐之旗
1092109,和平整形,温州国技
1092628,隆原机械设备,河南锐之旗
1093141,橙育外语,黑龙江龙采
1095773,ky-起重机,沈阳盘古
1097226,yzjrdl,苏州仕德伟
1097875,zdedp,广州分公司
1099395,ps_华山医疗美容,浙江首传
1101796,lrcoo,深圳分公司
1102686,shb-上海海尔,上海分公司
1103797,shb-岱宏,上海分公司
1104440,kemibj,苏州仕德伟
1105734,haxinyuan,苏州仕德伟
1106417,珠海百思,深圳分公司
1107573,ynjyks,云南创网
1109135,朝阳家具,盐城思科
1112874,bj-外语学校,北京分公司
1115041,光洋机电,天津企商
1115289,旭东服装厂,长春盘古
1115799,zbangbrand,苏州仕德伟
1117767,任伟,石家庄盘古
1118659,wllxj,苏州仕德伟
1119146,吉菱楼宇,长春盘古
1119157,天力桥建,河南锐之旗
1120158,南京建国男科,南京首屏
1121227,大禹水处理,苏州仕德伟
1122031,四川健康网2,成都百都
1122672,shb-金程国际cfa,上海分公司
1126022,hl杭州整形医院,浙江首传
1129275,xa-bohai,陕西博德
1129964,sxdzqc,山西龙采
1132350,sy-沈阳联邦,沈阳盘古
1132533,canidc,重庆网润
1136425,伊芙嘉品牌折扣女装,浙江首传
1137775,锋火,广州分公司
1137911,美丽使者,湖南竞网
1138422,tchuatai,苏州仕德伟
1138523,shb-一统票券,上海分公司
1139889,合肥现代医院hfxdyy,安徽网新
1140344,wxxshg,无锡泛亚
1141061,北环驾校,黑龙江龙采
1141640,易达建筑机械,济南开创
1142118,郑州蒙娜丽莎,河南锐之旗
1145755,xa-taipeisaro,陕西博德
1146036,shb-维宝,上海分公司
1146155,bj-张孝峰,北京分公司
1146443,非凡美容,深圳分公司
1147116,风尚国际,成都百都
1148570,玛雅电脑,黑龙江龙采
1149051,hl领秀娱乐,浙江首传
1153335,HK博仕医院,武汉百捷
1155078,三湘不孕不育,湖南竞网
1156457,shb-吉祥科技,上海分公司
1158798,华鼎建材,盐城思科
1160629,美家宾馆,长春盘古
1161169,星龙铜门,苏州仕德伟
1161849,公共关系,天津企商
1162285,shb-上海柏海,上海分公司
1162717,meici,上海分公司
1165408,尊行汽车,成都百都
1165558,思达特,天津企商
1166444,苏州澳瑞特,苏州仕德伟
1167674,零度冷气,南宁网大
1168625,shb-福寿园,上海分公司
1168636,wj-jiacheng,苏州仕德伟
1168663,zjghqkj,苏州仕德伟
1168958,全盛石油,盐城思科
1169039,sryyb,苏州仕德伟
1169165,xqdpx,云南创网
1170136,郑州鼎新,河南锐之旗
1172135,zhongdeguke,济南开创
1175513,海口朗阁,海南鑫网
1176884,重庆华都,重庆网润
1178404,前程时代,武汉百捷
1178420,森盛园艺,河南锐之旗
1178818,阳晨车业,成都百都
1179439,力达塑料,苏州仕德伟
1179510,郑州蓝天暖通,河南锐之旗
1183074,法亚教育,成都百都
1183259,达内软件dnrj,安徽网新
1184044,烨昌机械,上海分公司
1184733,shb-金逐,上海分公司
1188938,东莞东方医院,东莞分公司
1189912,极限科技,石家庄盘古
1192849,万隆工程,苏州仕德伟
1195663,21自驾,海南鑫网
1196314,秦连勇,石家庄盘古
1196926,shb-凌尔艺,上海分公司
1198254,集美美容,河南锐之旗
1198531,szmingfei,苏州仕德伟
1201382,shb-kunpeng,上海分公司
1202349,xa-daikin-4s,陕西博德
1202462,legendlamp,常州青之峰
1203555,锦旗,苏州仕德伟
1205396,fstbz,苏州仕德伟
1206709,我房网,海南鑫网
1207786,重庆中国青年旅行社,重庆网润
1207827,广州成考网,广州分公司
1209477,全然良品,大连龙采
1211553,busshow,成都百都
1213469,北京华图,北京分公司
1214350,汉德轻工,黑龙江龙采
1214539,益盛化工,苏州仕德伟
1215460,ymj,苏州仕德伟
1215912,shb-紫宏,上海分公司
1217629,shb-南院,上海分公司
1220295,hasutong,苏州仕德伟
1221166,ps萧山海宝,浙江首传
1221475,xmmonita,厦门易尔通
1221594,xa-qqmrw,陕西博德
1221722,gwdc,广州分公司
1224068,江铃汽车,石家庄盘古
1224722,厦门哈德自考,厦门易尔通
1226475,渤海2,大连龙采
1229618,yhwxjy,苏州仕德伟
1229869,河南典正科贸,河南锐之旗
1232343,shb-欣澜,上海分公司
1232483,久大机电,盐城思科
1233167,大筑装饰,成都百都
1234864,bj-动力节点,北京分公司
1235524,炬龙钢结构,成都百都
1236612,企智网络,南京首屏
1236845,shb-武龙,上海分公司
1237325,大丰鑫成,盐城思科
1237557,瑞皇装饰,苏州仕德伟
1237786,shb-华逸,上海分公司
1244602,诺沃泰克,天津企商
1245015,yzsckj,苏州仕德伟
1246187,ps_杭州智德,浙江首传
1246614,bj-达内金桥,北京分公司
1248766,成都西通,成都百都
1249417,yzlanling,苏州仕德伟
1252280,shb-光华学院,上海分公司
1255248,华信锅炉,石家庄盘古
1255761,w15,无锡泛亚
1258849,重庆三毛摄影,重庆网润
1259238,xa-xashyy,陕西博德
1260883,冀南物流,石家庄盘古
1260896,博尔特机电,沈阳盘古
1262815,四川新锐,成都百都
1263925,shbvip-安徽长江,上海分公司
1264012,xiehehp,盐城思科
1265002,gymy123689,沈阳盘古
1267234,米兰美容,成都百都
1268931,经络信科,温州国技
1272896,锦华装饰,南京首屏
1273044,123yn,云南创网
1273096,apzd,石家庄盘古
1274545,长春阳光妇科,长春盘古
1275463,泰雅家具,大连龙采
1277480,钢力水箱,石家庄盘古
1279540,苏州奥德,苏州仕德伟
1282600,bj-55usedcar,北京分公司
1284673,yktx888,重庆网润
1285366,信晨软件,广州分公司
1287472,天一医院,无锡泛亚
1291944,jdhkmy,苏州仕德伟
1292367,shb-建邦自动化,上海分公司
1292633,shb-汉弘涂装,上海分公司
1292771,三冠机电sgjd,安徽网新
1294148,tctongxiang,苏州仕德伟
1297124,哈维多利亚,黑龙江龙采
1298896,耀炘科技,成都百都
1307166,mail163,南京首屏
1307237,高科气体,苏州仕德伟
1307334,xa-lwv1photo,陕西博德
1311784,szfuzhuang,苏州仕德伟
1311993,nnsuda,南宁网大
1312173,友多商贸,武汉百捷
1312865,杭州求是学院,浙江首传
1313079,bj-海硅信息,北京分公司
1313564,shb-双特电工,上海分公司
1315803,长春道博,长春盘古
1315959,南湖驾驶教学,武汉百捷
1316133,shb-悠乐02,上海分公司
1319203,szjinyuan,苏州仕德伟
1320397,shb-傲勇,上海分公司
1321253,chinalanduo,盐城思科
1321269,布丁酒店,浙江首传
1321535,成都川豪,成都百都
1324406,联合艺术学院,成都百都
1327171,sh佳图数码,上海分公司
1327880,xszans,苏州仕德伟
1331868,xsdmr,广州分公司
1333551,汇成玻璃,苏州仕德伟
1335402,理想艺术,成都百都
1340247,sh旗舰,上海分公司
1340384,武汉中盛整形,武汉百捷
1340458,thdzyq,苏州仕德伟
1341631,天津龙膜,天津企商
1341665,dongzhan,苏州仕德伟
1341716,tcyuanda,苏州仕德伟
1342150,达内金桥,北京分公司
1342697,ynzkxxwnet,云南创网
1343203,sh至尊园,上海分公司
1345696,威达变压器,盐城思科
1346617,liuxuezs,深圳分公司
1347291,ps_翼邮信息,浙江首传
1348911,bj-cpacr,北京分公司
1349118,宏宝源,青岛商至信
1349371,bjrunyuan,北京分公司
1351042,p0871,云南创网
1352852,南虹制冷,成都百都
1353467,铭达机电,广州分公司
1354028,广西南宁任我行,南宁网大
1358763,叶远强,广州分公司
1363643,sh银都,上海分公司
1364814,fengtaichem,苏州仕德伟
1364827,环雅教育,常州青之峰
1368130,超特电子,浙江首传
1368972,北京突破电气,北京分公司
1369178,kmbdzs,云南创网
1371137,xa-sxatlascopco,陕西博德
1371339,sdzs,济南开创
1371655,Sy-何氏眼科,沈阳盘古
1376523,财大自考,南京首屏
1379984,武汉黄浦,武汉百捷
1380054,sh地纬,上海分公司
1801037,财大自考招生,南京首屏
1805123,sh齐兴,上海分公司
1805840,yfdq,苏州仕德伟
1808494,标筑装饰,成都百都
1811256,0527zp,苏州仕德伟
1812499,xa-xbwushu,陕西博德
1813124,jialianhua2004,苏州仕德伟
1814256,桂林电子科技大学,南宁网大
1815843,吉林网络医院,长春盘古
1818184,jsqqfz,苏州仕德伟
1821753,xa-82333366,陕西博德
1822471,sjjx,长春盘古
1824149,whgcdx,武汉百捷
1827788,华美美容hmmr,安徽网新
1829745,sh济才教育,上海分公司
1830318,sh永动,上海分公司
1830762,sh前视,上海分公司
1831663,sh鑫寅,上海分公司
1832000,my365card,上海分公司
1834075,大同升降机,苏州仕德伟
1836590,佳禾培训,大连龙采
1836778,sh和赛富,上海分公司
1837021,sqyoubang,苏州仕德伟
1837034,sh皇金,上海分公司
1837115,琼海房产热线,海南鑫网
1837162,sx-维纳斯,山西龙采
1837981,恒越电气,盐城思科
1839649,bj-迪古里拉,北京分公司
1841701,szreach,深圳分公司
1842417,维特根,石家庄盘古
1842813,竹玉精密,苏州仕德伟
1842952,富邦小吃车,重庆网润
1843789,rhjx,苏州仕德伟
1847094,sh同济高技术,上海分公司
1847423,骐志信息,广州分公司
1848764,真爱妇科,武汉百捷
1855264,博通管业,黑龙江龙采
1858659,南宁协和,南宁网大
1858973,sh华理EMBA,上海分公司
1860140,经典之家地板,沈阳盘古
1861078,lkehk,香港(中国搜索（亚洲）有限公司)
1861898,bj-中欣安泰,北京分公司
1864103,sh菱云,上海分公司
1865864,xa-gzxzf,陕西博德
1867657,白马,石家庄盘古
1869220,szwdzx,苏州仕德伟
1870953,lz-purui,陕西博德
1871117,bj-CD视觉,北京分公司
1874109,志诚铝业,石家庄盘古
1874948,吉祥蝴蝶,成都百都
1875574,sh顽虎,上海分公司
1875591,鑫鼎学校,大连龙采
1878127,亚韩美容,湖南竞网
1878750,bj-工长俱乐部,北京分公司
1879489,张德洪,浙江首传
1888231,艺康花卉,石家庄盘古
1888305,lz-lzsgzx,陕西博德
1889018,百川起重,苏州仕德伟
1889937,和卓科技,浙江首传
1890356,王康慧,广州分公司
1890438,星海岸,大连龙采
1890794,郑州天伦医院,河南锐之旗
1891272,xa-xalemontree,陕西博德
1891282,四川西武机电,成都百都
1891381,rqxstm,石家庄盘古
1893374,kmgjg,云南创网
1893467,yzbtyj,苏州仕德伟
1894639,志远绿化苗木,苏州仕德伟
1894670,宏发花卉,石家庄盘古
1894988,安平程泰,石家庄盘古
1896151,胭脂映像摄影,河南锐之旗
1896771,sh越近,上海分公司
1902267,齐兴百年,浙江首传
1903224,yzklhb,苏州仕德伟
1903636,shbvip-saifemba,上海分公司
1905674,凯莉纺织,苏州仕德伟
1905744,sh捷耐,上海分公司
1906785,英卓语言,天津企商
1906972,tophung998,苏州仕德伟
1907370,onlyvip,上海分公司
1908737,ghxf,苏州仕德伟
1908850,盛源洁,石家庄盘古
1910391,bj-科润教育,北京分公司
1912115,wxhqyy,无锡泛亚
1912120,05310531,济南开创
1914220,易友时代科技,长春盘古
1914502,bj易思腾,北京分公司
1916795,重庆美洁,重庆网润
1917108,shbvip-新课程教育,上海分公司
1925652,cscmc,苏州仕德伟
1926458,shbvip-shbnz,上海分公司
1926584,重庆中国青旅,重庆网润
1930225,sh汇领,上海分公司
1934996,ps杭州山石,浙江首传
1937477,sh食光,上海分公司
1938101,xzxkxf,镇江徐州
1940176,88353588,深圳分公司
1945398,sh悦丰,上海分公司
1945772,gy-xyyq,苏州仕德伟
1946149,cliu2009,苏州仕德伟
1946950,济南之星,济南开创
1948261,sh麦岭,上海分公司
1948703,tshz,石家庄盘古
1948840,sh城记,上海分公司
1950535,中福搬家,南宁网大
1950585,szforever,深圳分公司
1953520,郫县成飞,成都百都
1954080,圣亚医院,广州分公司
1957281,szjianguo,深圳分公司
1962003,佳辉汽车,天津企商
1962137,宏达搬家,石家庄盘古
1963723,szxuchao,苏州仕德伟
1966124,河北华纳,石家庄盘古
1967948,love-99,深圳分公司
1968635,时光医院,山西龙采
1971109,sh卉金,上海分公司
1972373,bj-京东驾校,北京分公司
1974430,凯盟,广州分公司
1975686,仁微科技,石家庄盘古
1976968,麻雀装饰,黑龙江龙采
1977158,wzdf,温州国技
1977164,沈阳福瑞斯,沈阳盘古
1979177,gzsffj,广州分公司
1979813,盛唐温泉,石家庄盘古
1983988,bj-yhjx,北京分公司
1984223,远东妇儿科,深圳分公司
1984626,太原华美整形,山西龙采
1984786,曙光美容网,广州分公司
1984980,sh欧坊,上海分公司
1987464,bj-盛华驾校,北京分公司
1987849,南医大整形,南京首屏
1991038,bj-长建驾校,北京分公司
1992771,渝中红楼医院,重庆网润
1997413,济南妇科02,济南开创
1997484,盛泰气体,石家庄盘古
2001496,鼎祥汽车,天津企商
2003913,shb-自力教育,上海分公司
2006858,大帝学校,重庆网润
2009739,hagy,苏州仕德伟
2009809,美莱医疗,济南开创
2009973,szhltiyu,苏州仕德伟
2010196,hazfkj,苏州仕德伟
2012530,bjsjmy,北京分公司
2013140,bj-看购网,北京分公司
2015544,zjghgjx,苏州仕德伟
2015745,ps-杭州电大,浙江首传
2016645,sh捷舟,上海分公司
2017255,江田科技,重庆网润
2023357,csyshg,苏州仕德伟
2024314,sjztsqczl,石家庄盘古
2036525,吉林孕育网,长春盘古
2040501,ruili01,无锡泛亚
2041158,津盟包子,天津企商
2041555,aidhealth,深圳分公司
2043657,wwwjdweiwei,北京分公司
2044776,PS海的梦,浙江首传
2045049,lz-lzblg,陕西博德
2045336,平安血液科,石家庄盘古
2045529,bj-maslink,北京分公司
2049161,sh贪吃,上海分公司
2049560,sh长颈鹿,上海分公司
2050483,bj-有山家园,北京分公司
2050572,卡麦教育,重庆网润
2052240,大成针灸,重庆网润
2054571,crpump,石家庄盘古
2054663,中元玻璃制品,石家庄盘古
2057294,皓元科技,长春盘古
2058656,sh俊柯,上海分公司
2060235,sy丰鑫达,沈阳盘古
2060507,ps-浙江先威,浙江首传
2063937,金琴口腔,成都百都
2066272,sh夏怀宇05,上海分公司
2070443,勇士拓展,石家庄盘古
2073844,沈阳卧龙墓园,沈阳盘古
2073912,成都爱尔眼科,成都百都
2076450,jsjinying,苏州仕德伟
2076494,戴克机械,成都百都
2077266,河南勃达,河南锐之旗
2078458,color形象设计,重庆网润
2083104,jhjxsb,苏州仕德伟
2085930,ch65128,石家庄盘古
2086534,自贡阀门厂,成都百都
2086860,bj-saide,北京分公司
2087014,bj水晶之恋,北京分公司
2091540,wxzzxx,无锡泛亚
2091851,高光辉1001,石家庄盘古
2092092,sh加凯投资,上海分公司
2096396,南昌聚腾,江西华邦
2098039,鑫品卓,深圳分公司
2098695,sh依工,上海分公司
2098786,sy-光华四通,沈阳盘古
2099494,斐丽婚纱摄影,成都百都
2103065,沃德福,湖南竞网
2104628,沈阳海博,沈阳盘古
2107087,shbvip-聚通装潢,上海分公司
2107444,adccb,苏州仕德伟
2111205,雄县兴华塑料,石家庄盘古
2115386,000148,苏州仕德伟
2116535,大发搬家服务部,成都百都
2121142,bj-华恒教育,北京分公司
2121468,wjmingxing,苏州仕德伟
2126635,hyxdqjj,苏州仕德伟
2127393,sh黎凯,上海分公司
2127737,东莞美立方,东莞分公司
2129274,shenzhouxinghua,石家庄盘古
2129626,sh点硕信息,上海分公司
2129670,xa-fupinedu,陕西博德
2130278,臻上装饰,重庆网润
2131408,郑州企鹅,河南锐之旗
2133936,陈学久,苏州仕德伟
2134146,福州现代妇产,福建百纳
2136713,青工缝制设备厂,石家庄盘古
2137412,曲伟杰心理咨询,黑龙江龙采
2138094,xa-gypfb,陕西博德
2138335,sh元尼,上海分公司
2139997,欧憬法语,重庆网润
2140256,北熔电气,石家庄盘古
2141655,开封市茂盛机械,河南锐之旗
2141950,sh上海卉金,上海分公司
2144839,xjtour01,重庆网润
2145723,8vgn,河南锐之旗
2146118,chinafdjz,苏州仕德伟
2146252,sh埃克,上海分公司
2150803,cnfadianji,苏州仕德伟
2151087,bj领航教育,北京分公司
2151395,lgjtea,苏州仕德伟
2151726,cnyonghui,上海分公司
2156543,金夫人摄影,河南锐之旗
2157241,sh百强文化,上海分公司
2157293,东大集成电路,南京首屏
2158824,bj-bestlearning,北京分公司
2161912,678org,南京首屏
2166190,xa-hfwthjc,陕西博德
2167307,dlhulanwang,石家庄盘古
2168651,馨佳业,天津企商
2169488,武汉玛丽亚,武汉百捷
2171247,sy-爱玲彩妆,沈阳盘古
2172221,dxhf,苏州仕德伟
2173449,森鹰窗业公司,黑龙江龙采
2173963,sh兆量,上海分公司
2174573,jjkaihong,常州青之峰
2175874,今朝装饰设计,长春盘古
2179161,sh秀域,上海分公司
2179211,成都安美,成都百都
2179797,山大留学,济南开创
2181708,xdmnyy,武汉百捷
2186212,junfeili,深圳分公司
2187319,欧莱克仪表,石家庄盘古
2188053,国生教育gsjy,安徽网新
2188281,bj-che100,北京分公司
2193667,天津巴黎春天,天津企商
2194246,bj-门狐,北京分公司
2195332,sanzm,苏州仕德伟
2196471,sh雯红,上海分公司
2196688,sy-百世木业,沈阳盘古
2197645,盐城高空6638,盐城思科
2198695,sh索贤,上海分公司
2199348,shbvip-麦田,上海分公司
2200397,szzqly,苏州仕德伟
2200638,明纬科技,温州国技
2200650,km-ups,云南创网
2201401,xa-xaiso,陕西博德
2202964,盛苑实业,河南锐之旗
2203119,房客地产,福建百纳
2205734,群达工业,东莞分公司
2210039,bj安莱,北京分公司
2210161,njsem2,南京首屏
2212248,舞钢金土地,河南锐之旗
2213120,sh环洁,上海分公司
2213626,sh东华大学,上海分公司
2216832,鹏凯建机,石家庄盘古
2216973,唐山光明塑业,石家庄盘古
2219987,青岛曙光,青岛商至信
2220117,妈妈乡,重庆网润
2221349,jbjx,苏州仕德伟
2221914,bj-森强国际,北京分公司
2224757,gyhyzm,苏州仕德伟
2228324,南宁市衡器厂,南宁网大
2228519,sh科科,上海分公司
2229490,广州招生网,广州分公司
2233366,bj-昊海华翔,北京分公司
2234239,yyhh高,河南锐之旗
2235800,浙科友通,武汉百捷
2236067,rehau,苏州仕德伟
2236103,sh威沪,上海分公司
2237202,zoooou,云南创网
2240745,szxdty,苏州仕德伟
2243357,四川美莱美容,成都百都
2246623,wxjgyy,无锡泛亚
2247221,bj-诚优佳,北京分公司
2247803,李焕建,河南锐之旗
2249390,bj-环球北美考院,北京分公司
2249585,ks088,苏州仕德伟
2251156,重庆龅牙兔,重庆网润
2252549,CSFTYY,湖南竞网
2255477,天骄乐器,石家庄盘古
2257368,辽宁健身网,沈阳盘古
2257666,csytnet,苏州仕德伟
2259516,波西米亚摄影,湖南竞网
2264878,sh-weilan,上海分公司
2266516,文一商贸,河南锐之旗
2268841,sz-hyjh,苏州仕德伟
2269401,七度银匠世家,深圳分公司
2270629,圆梦婚纱,石家庄盘古
2271665,gufengzai,苏州仕德伟
2273699,brightpack,上海分公司
2273945,022nznet,天津企商
2274071,sh芃芃,上海分公司
2275883,唐山维纳斯影楼,石家庄盘古
2276758,金华华美,义乌激石
2277234,ztblg,石家庄盘古
2287164,shbvip-诚凯,上海分公司
2288168,rfdrdq,苏州仕德伟
2292678,sh通宇,上海分公司
2293053,中青旅自由行,北京分公司
2293468,jsjs-518,苏州仕德伟
2295810,bj-酒美网,北京分公司
2296823,jlhl1009,苏州仕德伟
2296983,sh依达,上海分公司
2301187,长征烹饪,重庆网润
2302698,sh佳卉,上海分公司
2302723,ps-杭州之江专修,浙江首传
2305444,ps亿屯电子,浙江首传
2310145,wswwschool,河南锐之旗
2310869,首创画室,成都百都
2312865,sh申远,上海分公司
2315057,xa-xanzyy,陕西博德
2316250,ps南北朝画室,浙江首传
2317043,xa-xajdrq,陕西博德
2317353,bj-jcfdc,北京分公司
2321642,szxxtq,苏州仕德伟
2324613,dorytesters,温州国技
2325906,sh筑人网络,上海分公司
2326770,石水泵业,石家庄盘古
2327122,淮安南方液压,苏州仕德伟
2327360,盐城天音琴行,盐城思科
2327902,天海压力,河南锐之旗
2328641,成华区易森,成都百都
2328758,国旅666,河南锐之旗
2329467,yzadhj,苏州仕德伟
2329743,长沙玛丽亚,湖南竞网
2329976,中大整形,广州分公司
2337266,圣亚旅游,大连龙采
2338355,开源地坪,河南锐之旗
2344888,sh康敏,上海分公司
2349495,wjcrhg,苏州仕德伟
2349636,elianhong,广州分公司
2356618,cabrm,石家庄盘古
2360068,当代整形,重庆网润
2361816,枣庄朝阳网络,济南开创
2363942,jackyangell,苏州仕德伟
2364775,bdhtby,石家庄盘古
2365324,xa-mqhdf,陕西博德
2366682,shEDUCATION,上海分公司
2368993,鞍山齐敏,大连龙采
2369666,tl东升,沈阳盘古
2369866,ynlpart,云南创网
2375015,xa-qing,陕西博德
2381077,吉林铭医,长春盘古
2382239,sh卓希,上海分公司
2382439,开元换热,长春盘古
2382771,yinmeier,苏州仕德伟
2384357,higer,苏州仕德伟
2384560,xa-lanzhuang,陕西博德
2389708,昭元,河南锐之旗
2389856,壹品设计,大连龙采
2390896,重庆黑马摄影,重庆网润
2391224,sh天泉泵业,上海分公司
2392081,myrainbow,深圳分公司
2398050,bj-yuanhang,北京分公司
2400561,sh陈昌峰,上海分公司
2402025,znufezs,武汉百捷
2402994,sh泛洋,上海分公司
2403298,sh良仁商贸,上海分公司
2403837,名韩整形,福建百纳
2404464,sztfly,苏州仕德伟
2404641,bj-blzl,北京分公司
2405713,sh南海,上海分公司
2406292,平安开锁公司,石家庄盘古
2410376,semuli-china,苏州仕德伟
2410905,立德担保,深圳分公司
2418041,南开华山医院,天津企商
2419526,ps美生橱柜,浙江首传
2420579,ps-王氏水产,浙江首传
2426114,sh蔚海,上海分公司
2426245,sh孚旺,上海分公司
2428580,ps计算机学校,浙江首传
2429725,念恩殡葬,重庆网润
2431219,bj-zgtgoo,北京分公司
2431701,bj-daojia,北京分公司
2433630,bj-qjm,北京分公司
2434034,szrd56,苏州仕德伟
2435642,ps维多利亚医院,浙江首传
2437523,龙凤山水,黑龙江龙采
2441871,ps杭州凌宇,浙江首传
2442359,sh肯耐珂萨,上海分公司
2442382,sh关镇铨,上海分公司
2442661,PS彬锐婚纱摄影,浙江首传
2442769,dongyouls,北京分公司
2443514,xa-xinyuans,陕西博德
2446197,唯爱视觉,河南锐之旗
2446973,sh交通大学02,上海分公司
2449349,bj-yjsj,北京分公司
2451722,sh商派01,上海分公司
2452181,gsdljj,苏州仕德伟
2456096,sh耐启,上海分公司
2456606,wy-meya,苏州仕德伟
2459562,五冶职大,成都百都
2460516,shbvip-华肤,上海分公司
2460695,世纪振达,黑龙江龙采
2460805,sh凯驰,上海分公司
2463364,whabl,武汉百捷
2464594,科艺隆,天津企商
2465842,yzwet,苏州仕德伟
2469758,bj-京义嘉,北京分公司
2477365,shjingwen,上海分公司
2480386,阳光锁业,南宁网大
2481805,富磊电子,苏州仕德伟
2486211,全城热恋,温州国技
2489689,叶子美容,武汉百捷
2490722,紫苹果装饰,成都百都
2493692,jh-sofa,苏州仕德伟
2495404,天泰肠衣,石家庄盘古
2499294,shraytek,上海分公司
2499419,粗糙摄影,常州青之峰
2499725,xa-lmkzx,陕西博德
2501634,郸城财鑫,河南锐之旗
2503361,鑫思科技,石家庄盘古
2505332,sh祥叶,上海分公司
2506884,友谊旅游,山西龙采
2507070,福音学校,大连龙采
2507109,环融贵金属,天津企商
2507359,ps粉蝴蝶,浙江首传
2507593,sh汇亭,上海分公司
2508144,pxcw,苏州仕德伟
2508327,bjyzyy120,北京分公司
2508535,sh海际,上海分公司
2511179,盐城元旭,盐城思科
2513441,wdkyj,苏州仕德伟
2514761,sh邱纯来,上海分公司
2517308,shenpai158,苏州仕德伟
2520167,bj-ilidu,北京分公司
2521061,新民月嫂,南宁网大
2523131,牙齿整形,济南开创
2523542,xa-383838,陕西博德
2534728,hbclcc,武汉百捷
2534871,shbvip-呈色,上海分公司
2538310,毕金诚,石家庄盘古
2541416,中山医院妇科网,湖南竞网
2541756,sh洁燃,上海分公司
2541758,天古装饰,重庆网润
2544418,谷神燃气具,河南锐之旗
2544472,xa-xajiuye,陕西博德
2545339,营口鑫丰,大连龙采
2546280,shbvip-中佑,上海分公司
2548097,shgmc,上海分公司
2551239,长安客车,石家庄盘古
2551422,whyms,武汉百捷
2551727,韩美整形医院hmzxyy,安徽网新
2555197,sh宇邦,上海分公司
2558770,沈阳龙工,沈阳盘古
2559445,shbvip-东方cj,上海分公司
2561853,ukeas,北京分公司
2565478,沙医生,大连龙采
2565785,shbvip-591wed,上海分公司
2566196,js-chengyi,苏州仕德伟
2566424,xa-xalryy,陕西博德
2566633,sh蓝泰,上海分公司
2575273,zbjx,苏州仕德伟
2580375,sh延爱,上海分公司
2582649,szjxjdjj,苏州仕德伟
2583327,xa-gzqzjmy,陕西博德
2583479,bj-shenghuajiaxiao,北京分公司
2584141,延中行健科技,天津企商
2589846,yzlszm,苏州仕德伟
2590668,xa-0912nk,陕西博德
2595116,乐宜嘉,深圳分公司
2595280,洛阳汽车,新乡青峰
2596710,hbujy,武汉百捷
2597293,sh120gh,上海分公司
2597728,shbvip-广禾堂,上海分公司
2597916,jn001,济南开创
2598228,sh美都,上海分公司
2599424,ps赤道科技,浙江首传
2599989,sh雅易,上海分公司
2601617,河北艺能锅炉,石家庄盘古
2606788,河北华洋钢管,石家庄盘古
2607259,沧州华意机械,石家庄盘古
2608018,哈城市人家,黑龙江龙采
2608290,领威科技,深圳分公司
2609300,shbvip-ufsoft,上海分公司
2609578,hb-城市人家,石家庄盘古
2610626,tpwoniu,苏州仕德伟
2615144,shik,北京分公司
2623244,huixuetang,北京分公司
2624292,bj-xiaoqinhaishen,北京分公司
2628134,g-mango,云南创网
2629360,ksmiai,苏州仕德伟
2634873,lz-lzfczl,陕西博德
2636426,sh交运,上海分公司
2638881,同仁妇科2010,深圳分公司
2640547,xa-xazmkm,陕西博德
2641030,艺星整形,浙江首传
2643702,bj-globevisa2,北京分公司
2644488,tootoo11,北京分公司
2647192,龙驰汽车,重庆网润
2652652,戴氏精品堂,成都百都
2653691,建鹏液压机械,天津企商
2653929,重庆久圣成,重庆网润
2657322,海八鲜,浙江首传
2657534,sh米青科,上海分公司
2658569,兰宇航空网,沈阳盘古
2659729,望子成龙,成都百都
2660852,purapple,云南创网
2663641,shhuijin,上海分公司
2667668,juliastory,苏州仕德伟
2668433,zuoa,苏州仕德伟
2668595,鑫磊餐饮,河南锐之旗
2670861,sh拥华02,上海分公司
2674252,ps旺大年海鲜,浙江首传
2675991,金朋友婚礼策划,天津企商
2680477,永达橡塑,石家庄盘古
2691791,sh澳居,上海分公司
2699637,嵩山少林寺武僧团,河南锐之旗
2700645,bj-lanhai,北京分公司
2700818,多惠网,重庆网润
2701066,sh维希艾,上海分公司
2704076,金册子商贸,重庆网润
2706647,sh延爱电子,上海分公司
2706665,shwfzmall,上海分公司
2706867,雾中天,厦门易尔通
2708769,shbvip-偶像,上海分公司
2712599,盐城东方女子医院,盐城思科
2713168,清原权志,沈阳盘古
2713731,shyanai,上海分公司
2714265,bj-绿田园丰,北京分公司
2717887,TVB社区,深圳分公司
2720852,sz-huanuo,苏州仕德伟
2723143,yangtrip,苏州仕德伟
2724090,kslfwz,苏州仕德伟
2724131,999fpcn,苏州仕德伟
2725342,山西创新,山西龙采
2725515,鑫源水泥构件,石家庄盘古
2726561,晶彩彩涂彩带,石家庄盘古
2731409,廊坊-柏莹吸塑,石家庄盘古
2731790,杭州艾玛妇产医院,浙江首传
2734187,重庆评估师,重庆网润
2734211,重庆建造师,重庆网润
2734460,重庆协和医院2,重庆网润
2738279,大华学校,成都百都
2738592,廊坊-四合冷弯,石家庄盘古
2739913,神州假期,海南鑫网
2743410,天天房产,海南鑫网
2743518,行知zdmba,广州分公司
2743828,恒吉木材,石家庄盘古
2746477,东方职业技能,苏州仕德伟
2746726,sh张振国02,上海分公司
2748806,sh立贸,上海分公司
2749483,胜飞石油机械,河南锐之旗
2751249,lz-tlby,陕西博德
2752770,成都生活家,成都百都
2755479,天顺网业,石家庄盘古
2758291,hb恒泰化工,石家庄盘古
2759102,ps乐玛,浙江首传
2759742,济南超越琴行,济南开创
2763329,沈阳恒兴泰,沈阳盘古
2763609,ksswsk,苏州仕德伟
2767828,南京中国旅行社,南京首屏
2767848,翔宇花木,苏州仕德伟
2767929,sz啄木鸟,沈阳盘古
2768135,101远程教育网,北京分公司
2768374,sh宁东,上海分公司
2768466,天津斯秘特,天津企商
2770431,bj-beitaichufang,北京分公司
2772119,天冰制冷,河南锐之旗
2773029,shbvip-伊莱美2,上海分公司
2773219,郑州金笛医院1,河南锐之旗
2773263,圣玛妇产科1,河南锐之旗
2774121,华肤皮肤科2,河南锐之旗
2776208,大爱2011,深圳分公司
2782042,sh友游,上海分公司
2782836,solatube,苏州仕德伟
2783826,sz-mutian,苏州仕德伟
2785651,sh一乔,上海分公司
2787462,竞网CS雅筑装饰110214,湖南竞网
2787803,四川美家堂,成都百都
2788226,bj-cenroc,北京分公司
2789184,竞网CS二八八家装110214,湖南竞网
2789898,lfny,石家庄盘古
2791561,大连三兄弟,大连龙采
2792226,天津金蝶软件,天津企商
2792231,成都青鸟1,成都百都
2794240,武森王,石家庄盘古
2795290,sh管易,上海分公司
2795837,大连洛可可,大连龙采
2796108,竞网CS名匠110218,湖南竞网
2796200,shb-xjgk1,上海分公司
2802498,shfpyy01,上海分公司
2802793,爱富艾基,天津企商
2802881,大连新华医院,大连龙采
2805361,创意宝宝,沈阳盘古
2805968,sh沈姚,上海分公司
2808040,szjsxf,苏州仕德伟
2811502,wjmhjh,苏州仕德伟
2812983,昊裕机电,重庆网润
2816062,cxdju,苏州仕德伟
2816263,nsk288,广州分公司
2818531,sh利磊,上海分公司
2819278,更辉实业,河南锐之旗
2821453,cnlqbj,温州国技
2822273,千惠培训学校,石家庄盘古
2822915,sh复旦,上海分公司
2825173,wxido,无锡泛亚
2825421,szpeimeng,苏州仕德伟
2825808,重庆硕源,重庆网润
2827076,任丘龙腾门业,石家庄盘古
2829210,sh蔺智名,上海分公司
2834987,吕阿婆,黑龙江龙采
2835795,河北康迪座椅,石家庄盘古
2836143,sh瀛新,上海分公司
2836172,重庆富士,重庆网润
2836188,成都艾都,成都百都
2838373,竞网CS世纪新娘110309,湖南竞网
2839770,益百思2011,深圳分公司
2839837,心游网络,海南鑫网
2839844,爱妒摄影,天津企商
2840280,bj-亚洲威讯,北京分公司
2840326,lsxx2011,济南开创
2841310,廊坊-金沃金,石家庄盘古
2845353,南京康辉旅游社,南京首屏
2847548,竞网CS艾特110312,湖南竞网
2850112,学府医院,重庆网润
2852294,ps鑫益彩,浙江首传
2852764,wjyjhg,苏州仕德伟
2853837,ps96188,浙江首传
2859215,yclrfcyy,盐城思科
2860308,sh弘邦汽车,上海分公司
2860349,sh三才,上海分公司
2862067,sh本间,上海分公司
2862628,kmlst,云南创网
2872848,魅力草原,呼和浩特开企
2883749,中能水下工程,盐城思科
2883986,zlcable,云南创网
2887094,daiquan,苏州仕德伟
2887750,俊麟汽车,沈阳盘古
2888031,shbvip-华浦win,上海分公司
2888669,cd旅行社,石家庄盘古
2891187,rirongchina,苏州仕德伟
2891216,sh洁尘,上海分公司
2894186,sh鸿御,上海分公司
2894831,创新思维,成都百都
2897338,艺能锅炉88,石家庄盘古
2901579,szhuaxun,苏州仕德伟
2903997,欧陆实业,河南锐之旗
2906010,青海春天,成都百都
2906020,sh育盟,上海分公司
2907499,sh许少铅,上海分公司
2908773,sh澳醇,上海分公司
2910000,ynxdh,云南创网
2911402,gy-gzhhba,陕西博德
2911600,shvip-爱德兰丝,上海分公司
2912527,有家装饰,福建百纳
2914099,sh邦美,上海分公司
2924643,sh完美,上海分公司
2924854,瑞捷体育,石家庄盘古
2925851,京都皮肤科,浙江首传
2926111,河北银河网,石家庄盘古
2927638,罗曼琴行,重庆网润
2928734,华美整形1,南京首屏
2929290,远江仪器仪表,石家庄盘古
2929706,青禾蒙娜丽莎,武汉百捷
2931300,sh敏锦,上海分公司
2932005,bj-安家世行,北京分公司
2932566,cny-laoyouka,香港(中国搜索（亚洲）有限公司)
2939924,zjgshuntong,苏州仕德伟
2941560,昭远搬家,天津企商
2946213,帝艺佳教育,重庆网润
2947169,bx朝日,沈阳盘古
2949635,百力特机械,成都百都
2949663,成都观奇,成都百都
2949769,金泉铸造机械,石家庄盘古
2956033,点石成金家教,成都百都
2957032,廊坊-穿山甲,石家庄盘古
2957266,索菲亚sfy,安徽网新
2957995,sh鼎方,上海分公司
2958109,chts,天津企商
2958154,务辉门窗,石家庄盘古
2960153,qfgj,苏州仕德伟
2960722,xt北方硬质合金工具,石家庄盘古
2961533,hj5920,无锡泛亚
2963767,spiritkids2009,广州分公司
2965965,kxdz,苏州仕德伟
2966155,gk0531,济南开创
2966240,xa-xadlxy,陕西博德
2966354,廊坊-广翔,石家庄盘古
2972155,sh-共鸣,上海分公司
2978081,sh独秀,上海分公司
2978878,长春和美妇科YY,长春盘古
2979823,成都财沃,成都百都
2980252,sh菱格空调,上海分公司
2980353,sy电机,沈阳盘古
2980888,andylongvip1,重庆网润
2981279,大连星动力,大连龙采
2982633,shtszh,上海分公司
2982668,家之语,成都百都
2982908,奥雪网络,深圳分公司
2984719,嘉华旅行,济南开创
2985006,全程2011,深圳分公司
2985076,cny-meijishop,香港(中国搜索（亚洲）有限公司)
2986569,温州环雅,温州国技
2989746,蒙娜丽莎01,深圳分公司
2989928,都乐物流,黑龙江龙采
2990061,天长地久01,深圳分公司
2991197,sh星杰,上海分公司
2992050,梨家班徒,石家庄盘古
2992667,fltsjj,苏州仕德伟
2992902,cz川岛电器,常州青之峰
2993261,HS黄石职业技术学院,武汉百捷
2993299,jntc1,济南开创
2993341,tesetg,广州分公司
2993598,浙江中广,温州国技
2997491,hszmdq,苏州仕德伟
2998884,长春同春堂,长春盘古
3000615,京男性不育,石家庄盘古
3004740,szxybw,苏州仕德伟
3005561,天伦食品,成都百都
3008320,a河北帅康座椅,石家庄盘古
3010287,xj-xjnewtour,新疆百疆图
3010769,太原世华物流,山西龙采
3010963,世隆铜艺,石家庄盘古
3011207,sh乐瑞,上海分公司
3012461,竞网CS汇智装饰110512,湖南竞网
3016122,东箭汽车,深圳分公司
3021125,韩氏整形医院,济南开创
3021411,重庆中青旅行,重庆网润
3021416,junchaogy,苏州仕德伟
3021801,yzhaishi,苏州仕德伟
3023326,cny-fxopen,香港(中国搜索（亚洲）有限公司)
3023350,shssat,上海分公司
3023501,起运吊机1,黑龙江龙采
3026435,bj-cfxl,北京分公司
3027872,xa-hzmnls,陕西博德
3029227,bj-jfr,北京分公司
3029985,长春租赁公司,长春盘古
3030430,bj-cct,北京分公司
3030601,明珠机械,河南锐之旗
3032023,ynjhkj,云南创网
3032058,sh东晟,上海分公司
3032881,xa-xadingrun,陕西博德
3033325,sh鼎佳,上海分公司
3034068,shvisadvisor,上海分公司
3039430,沈阳海天装饰,沈阳盘古
3039710,金诺包装彩印,河南锐之旗
3041907,渠源名师堂,成都百都
3043756,bd欧尚装饰,石家庄盘古
3044485,delunyk,广州分公司
3045026,cny-ecbullion,香港(中国搜索（亚洲）有限公司)
3045101,欣松网络,成都百都
3046078,神洲职校,重庆网润
3046169,kpbooster,苏州仕德伟
3047489,bj中艺宏远,北京分公司
3050880,高新区老兵搬家,成都百都
3054324,ksyzj,苏州仕德伟
3054505,华天营业部,长春盘古
3056264,图强毛巾,石家庄盘古
3060622,鼎盛液压设备,石家庄盘古
3061083,仟品佰惠,广州分公司
3061619,shhuilong,上海分公司
3063412,华昌机电,重庆网润
3071793,sh双柳,上海分公司
3074692,faisco508,广州分公司
3075124,bj-林枫尚,北京分公司
3076139,华威环保,盐城思科
3079246,sjz-鸿鑫模型设计,石家庄盘古
3080359,鹏业教育,沈阳盘古
3080568,tongjiyiyuan,石家庄盘古
3080714,sh靖嘉,上海分公司
3084284,xa-hdbx,陕西博德
3088177,军尚企业管理咨询,石家庄盘古
3090192,sh酷城电子,上海分公司
3090960,沈阳时尚经典,沈阳盘古
3093055,sh红琇广告,上海分公司
3093496,海外教育学院,成都百都
3093519,sh金润,上海分公司
3094776,wdwzhs,苏州仕德伟
3094886,应开权,盐城思科
3096512,sh伊轩,上海分公司
3101438,尊爵皇家,大连龙采
3103845,sy-鑫永信,沈阳盘古
3105287,qiyeyou163,无锡泛亚
3105887,xa-xiaoya1314,陕西博德
3110590,ps三联专修,浙江首传
3110625,zfyjb,苏州仕德伟
3110797,成都龙发,成都百都
3110872,xj-xjhuanhuan,新疆百疆图
3110996,sh铭金,上海分公司
3126893,ksqianyi,苏州仕德伟
3129022,国信租车,重庆网润
3129645,hmcare,北京分公司
3129793,美博教育,成都百都
3134623,国阳仪表,苏州仕德伟
3142825,sh翔码,上海分公司
3142952,sh悟兴,上海分公司
3144192,hb速达软件,石家庄盘古
3146008,shbvip-春秋旅游,上海分公司
3147225,卧龙吟,台州诺亚方舟
3152105,ynrayy,云南创网
3157417,sudawy,苏州仕德伟
3157478,爱华航空学院,成都百都
3159062,cd30度,成都百都
3159404,sh叶秋香,上海分公司
3160875,sh山善,上海分公司
3162301,zmstu,深圳分公司
3162465,杏花楼月饼销售,上海分公司
3162491,wh捷豹空压机,武汉百捷
3166730,克江商贸kjsm,安徽网新
3166789,huatian99,广州分公司
3167149,fudalexus,河南锐之旗
3167422,比信科技,天津企商
3169244,东软信息学院,大连龙采
3171813,景县永达,石家庄盘古
3176390,doclean,苏州仕德伟
3177418,bj-畅飞科技,北京分公司
3177619,金粹恒孚,天津企商
3177877,N多寿司,青岛商至信
3179247,jspltsy,苏州仕德伟
3180896,博大泌尿120,河南锐之旗
3181899,天津港润,天津企商
3182061,sh清竹园,上海分公司
3182823,sh上海将星,上海分公司
3184740,sy-沈阳电缆,沈阳盘古
3185343,辽阳禄林,大连龙采
3185411,山东君创,济南开创
3185434,琼海华信,海南鑫网
3186241,sh埃铭,上海分公司
3186462,惠恒工程机械,石家庄盘古
3191220,newyorkvip,苏州仕德伟
3191270,廊坊-大宇,石家庄盘古
3192416,万通出国,黑龙江龙采
3192762,sh绘天,上海分公司
3192795,ps杭州贝利,浙江首传
3193754,济南完美新娘,济南开创
3194163,深圳市健悦坊公司,深圳分公司
3196177,yzjfyy,苏州仕德伟
3197569,微笑透明口罩,温州国技
3199052,蒋麻抄手,重庆网润
3199424,沈阳巴黎婚纱,沈阳盘古
3199927,ycsjsy,武汉百捷
3202970,致泰钢纤维,石家庄盘古
3205397,沈阳瀚鳅鑫,沈阳盘古
3206611,ghm007,苏州仕德伟
3206835,szqczzw,武汉百捷
3208241,7utrips,苏州仕德伟
3208520,qhd松江,石家庄盘古
3234339,ws6363999,云南创网
3237181,竞网CS美迪110726,湖南竞网
3237692,红日灯照明,苏州仕德伟
3238038,兴保硅藻泥,长春盘古
3247625,WJyckj,苏州仕德伟
3250434,yaohongjiu,深圳分公司
3250667,深圳阳光医院01,深圳分公司
3253273,sh梯爱取开,上海分公司
3270354,SZkdr,苏州仕德伟
3307946,sh寿旺,上海分公司
3318876,一天服饰88,温州国技
3321449,ps品格摄影,浙江首传
3328092,sh海湾寝园,上海分公司
3328204,shbvip-券耕,上海分公司
3328382,enerpac,苏州仕德伟
3328558,sh茨诚,上海分公司
3329059,shbvip-苏蟹阁,上海分公司
3329084,shbvip-上海苏蟹阁,上海分公司
3329170,伽美美容,武汉百捷
3366290,luoma,苏州仕德伟
3373552,shztwl518,上海分公司
3376408,九寨天堂,成都百都
3377561,yzxinfeng,苏州仕德伟
3377705,宏鹏职业,武汉百捷
3378141,szsssc,苏州仕德伟
3379517,shnjr,上海分公司
3379742,sh孚旺贸易,上海分公司
3380654,sh剪刀石头布,上海分公司
3384162,凯瑟琳婚纱摄影,天津企商
3385225,sh一统农业,上海分公司
3386815,骑士妇科A,重庆网润
3388228,gz川豪装饰,成都百都
3389338,红妆zx公司,海南鑫网
3389404,cosmay8,苏州仕德伟
3396584,lz-tlyy,陕西博德
3404157,庚贤中医,河南锐之旗
3419340,shb-舞泡,上海分公司
3419553,天津泰德力,天津企商
3423210,成都指南针职业技术学校,成都百都
3423315,现代工艺品,石家庄盘古
3424922,鑫溢汽车,沈阳盘古
3425622,重庆足下1,重庆网润
3426569,wetfdj,苏州仕德伟
3426618,xa-chinahxry,陕西博德
3427206,湖南自在天装饰,湖南竞网
3428473,ps澳美,浙江首传
3428775,bj-longquanjx,北京分公司
3428892,cnitsenet,云南创网
3430473,xmjimwedding,厦门易尔通
3433395,彩印通印刷,深圳分公司
3434122,ub-china02,广州分公司
3434586,only婚纱摄影,武汉百捷
3436038,Hairsl,苏州仕德伟
3436439,bj-yintsd,北京分公司
3436955,汇信房地产,海南鑫网
3438345,无锡春天整形,无锡泛亚
3438942,成都中政,成都百都
3439691,bj-zhimakaimen,北京分公司
3439901,及时雨水业,成都百都
3439906,sztcdai,苏州仕德伟
3439991,爱楼网,福建百纳
3441758,金浩节能,苏州仕德伟
3444507,重庆皇昊,重庆网润
3450159,邯郸华康医院,石家庄盘古
3451780,sh上海铭涵,上海分公司
3452688,gy-gyqzzc,陕西博德
3454096,竞网CS金空间110831,湖南竞网
3455625,toyn999,云南创网
3459492,杭州游侠客,浙江首传
3464281,同来路灯,长春盘古
3465834,巴之黎经典,重庆网润
3465860,yy-216,天津企商
3465953,sh毅辰,上海分公司
3465988,阜新永生,大连龙采
3467866,lianze6,苏州仕德伟
3468069,廊坊-新格瑞,石家庄盘古
3468163,jnxcb99,济南开创
3468425,ckdsz,苏州仕德伟
3470419,bj-环球拓业,北京分公司
3470462,zhibeizhen,北京分公司
3470581,bj-gzjlb,北京分公司
3471247,xa-xagcjx,陕西博德
3473200,曙光泌尿,长春盘古
3473386,美基元,武汉百捷
3473495,邢台北方建筑机械,石家庄盘古
3473716,成风速递,长春盘古
3473878,szfysz91,苏州仕德伟
3475883,ku89,云南创网
3476370,广州名人婚纱摄影,广州分公司
3476429,bj-micamika,北京分公司
3480073,磊宝海泡石,河南锐之旗
3481358,廊坊-康杰,石家庄盘古
3482435,bj-huangjiashaxuan,北京分公司
3483933,廊坊-京安专修学院,石家庄盘古
3485446,bj-zhongqileiri,北京分公司
3487975,蓝图电脑,台州诺亚方舟
3488818,bj-qdap168,北京分公司
3489358,老重庆,黑龙江龙采
3493135,bj-bwielts,北京分公司
3493693,尚艺展示,石家庄盘古
3494368,非常台北,武汉百捷
3494453,sh大昶,上海分公司
3495713,szlianshun8,苏州仕德伟
3496125,bj-nfgz199,北京分公司
3498781,ps协航科技,浙江首传
3499102,bj-lovepianosea,北京分公司
3500477,柳州德鲁克,南宁网大
3504171,bdpfbyy,济南开创
3504182,合源顺市政工程,成都百都
3504533,shbvip-泉盈,上海分公司
3504866,sh米尚,上海分公司
3509301,ps铺面网,浙江首传
3509967,行云雕塑,成都百都
3512941,jnhmgj,济南开创
3514895,sh格达,上海分公司
3515248,巴渝职校2,重庆网润
3515409,琼海椰韵,海南鑫网
3516444,ynxk,云南创网
3518796,sh海狮龙,上海分公司
3522892,玛丽不孕,厦门易尔通
3523216,sh-育炎贸易,上海分公司
3526730,sh神驰,上海分公司
3526756,shb-新生活健身,上海分公司
3528160,bj-demohour,北京分公司
3528624,sh上海图强,上海分公司
3528768,付永刚,天津企商
3537587,xa-zdsss,陕西博德
3538034,永泰离心机,苏州仕德伟
3539506,caiyundi8,苏州仕德伟
3539991,ts牛燕培训,石家庄盘古
3540530,航天妇科1,长春盘古
3542151,鑫牌台球桌,成都百都
3542524,九博电器,河南锐之旗
3542692,bj-baifentonglian,北京分公司
3542880,华绣职业,重庆网润
3545402,深圳和美妇儿科医院,深圳分公司
3547285,sh莱仕,上海分公司
3547991,sh领美,上海分公司
3551150,sh盈道,上海分公司
3553776,wh友好医院,武汉百捷
3557704,bj-toten,北京分公司
3558211,双龙电动,常州青之峰
3558585,sh泽宇,上海分公司
3558598,天津天缆集团,天津企商
3565682,安平欧隆,石家庄盘古
3565785,sh甫田,上海分公司
3567346,sh开达,上海分公司
3567466,万通电机,河南锐之旗
3568342,名门视觉艺术学校,山西龙采
3569539,都市丽人影楼,济南开创
3569850,szwdly,苏州仕德伟
3570258,sy-陶然寝园,沈阳盘古
3574071,武汉祉满教育,武汉百捷
3574183,利源苗木,石家庄盘古
3574740,北纬33度,盐城思科
3575022,协同软件01,深圳分公司
3576484,suzhouth8,苏州仕德伟
3577016,丰年商贸,天津企商
3577733,hrgqpx,苏州仕德伟
3577975,南通上元,南京首屏
3579434,wuyuechuanxi,苏州仕德伟
3582271,sh网腾,上海分公司
3585314,sh-统将,上海分公司
3585484,虎洲拖鞋,苏州仕德伟
3586123,sh申参,上海分公司
3586334,鸿鑫国泰,成都百都
3586372,shenbingask,石家庄盘古
3586449,shcanwei,上海分公司
3587243,sh上海泛洋,上海分公司
3590911,仟木源家具,成都百都
3590963,sh瑞沃,上海分公司
3593633,huachen008,苏州仕德伟
3597021,道里国旅,黑龙江龙采
3597048,sh正新,上海分公司
3597632,sh发勋帝贺,上海分公司
3598638,bj-firstleap,北京分公司
3600268,jsgdkj,苏州仕德伟
3601319,sh快酷,上海分公司
3601664,sh葩星,上海分公司
3601956,车惠网,南京首屏
3606210,luyouzm,苏州仕德伟
3608783,conber6,苏州仕德伟
3608879,廊坊-鸿森,石家庄盘古
3608943,shb-优艾贝,上海分公司
3609611,sh华亭,上海分公司
3610332,深圳龙济医院,深圳分公司
3614558,鑫马标牌,石家庄盘古
3615552,eftianjin,天津企商
3618429,bj-mailuntai,北京分公司
3622041,鸿基房产公司,江西华邦
3622043,重庆新思路,重庆网润
3624150,嘉易水生植物,石家庄盘古
3625620,美音乐器,苏州仕德伟
3625800,时尚经典影楼,大连龙采
3628716,青岛远见,青岛商至信
3632246,0371gc,河南锐之旗
3633085,cnbhclzq,武汉百捷
3633968,szjdmz,苏州仕德伟
3634434,坤如玛丽产科,天津企商
3635354,sh懿富,上海分公司
3637216,周口好好化妆,河南锐之旗
3639818,shb-赛岐,上海分公司
3640496,武汉江源,武汉百捷
3641980,bj-m6go,北京分公司
3642410,重庆龙居山陵园1,重庆网润
3646060,bj-partieswedding,北京分公司
3649577,南粉北面快餐,重庆网润
3649862,东莞岭南泌尿,东莞分公司
3651021,bj-xwgzjlb,北京分公司
3651939,信展机械制造,盐城思科
3652292,sh世裕,上海分公司
3653359,重庆名满机电,重庆网润
3656800,东莞森泰地板,东莞分公司
3657039,瑞欣蓉腾,成都百都
3657693,佳丽摄影,浙江首传
3663051,良昇科技,苏州仕德伟
3664904,sh战涛,上海分公司
3665405,圣德泉,长春盘古
3667032,青大职业,常州青之峰
3667657,shbvip-52haixian,上海分公司
3669596,bj-chanjet,北京分公司
3670931,ps杭州大众,浙江首传
3674511,sh马东青,上海分公司
3674983,szsywz6,苏州仕德伟
3675782,宫之摄影,长春盘古
3677870,sh齐佳,上海分公司
3678244,汉邦科技,苏州仕德伟
3681111,宝甲堂,苏州仕德伟
3681153,noshinon,广州分公司
3682654,shb-候宇,上海分公司
3682904,塔森软件,广州分公司
3682991,sh钶德,上海分公司
3683130,bj-ljjsy,北京分公司
3684702,sh江曲,上海分公司
3685083,citschn,深圳分公司
3685633,zgzyccyn,云南创网
3686409,李娇01,深圳分公司
3687210,逸凡美尔,石家庄盘古
3692159,联宣科技,重庆网润
3692783,shtenwowfood,上海分公司
3693016,chinatoufa,广州分公司
3697295,天津普天会计,天津企商
3698294,hcjctb6,苏州仕德伟
3699682,xa-17leyou,陕西博德
3699915,济南金夫人,济南开创
3700924,艺路高考,石家庄盘古
3704422,艾瑞德,苏州仕德伟
3705089,sh恒锐,上海分公司
3705226,sh睿旦,上海分公司
3705887,lz-lzbsf,陕西博德
3706116,saltqj,云南创网
3706259,中哲迅通,广州分公司
3708022,ks-tape8,苏州仕德伟
3709768,xiaochipeixun2,苏州仕德伟
3709886,南宁男科医院,南宁网大
3710235,lz-strjkj,陕西博德
3710959,sy-福利网,沈阳盘古
3711971,智魁ZKXYB,石家庄盘古
3712361,china-shijin,苏州仕德伟
3712811,sh一纬,上海分公司
3712851,ps百合新娘,浙江首传
3713219,开封翰林擦鞋霍国强,河南锐之旗
3713569,szcable8,苏州仕德伟
3716072,xa-hrh,陕西博德
3718874,维纳斯01,深圳分公司
3718948,五州整形,武汉百捷
3720267,廊坊-万寿园,石家庄盘古
3721747,凯美迪科技,河南锐之旗
3722212,shsjtu1,上海分公司
3722740,重庆斌成机电,重庆网润
3722770,成都国信租车,成都百都
3724124,bj-hongyingfang,北京分公司
3725106,wjmmw,苏州仕德伟
3726760,广州捷宝,广州分公司
3727340,mingxisign,苏州仕德伟
3727345,bj-7150,北京分公司
3728474,益永五金,石家庄盘古
3731982,bj-fupingjiazheng,北京分公司
3732830,sh佰思通,上海分公司
3733472,星火教育科技,东莞分公司
3733912,公墓陵园,重庆网润
3734258,SZhds,苏州仕德伟
3734677,wed0512,苏州仕德伟
3739456,csfuxiang,苏州仕德伟
3740074,nohito8,苏州仕德伟
3740194,鑫通杰奥,沈阳盘古
3740368,仟佰新唯,石家庄盘古
3740721,bj-canyin668,北京分公司
3740746,百援汽修,天津企商
3741979,sh王开,上海分公司
3742329,深圳完美空间,深圳分公司
3743389,yzxsbj,苏州仕德伟
3745475,石达机电,石家庄盘古
3746351,momface,广州分公司
3747618,cableabc,无锡泛亚
3748829,bj-juzishu,北京分公司
3751657,菱电实业投资,东莞分公司
3756723,sh上海红粤,上海分公司
3757532,永成枣业,石家庄盘古
3759091,sjz曹状元,石家庄盘古
3759356,廊坊张-格瑞,石家庄盘古
3759378,武汉巨全,武汉百捷
3760350,靓肤王COM,黑龙江龙采
3760630,bj-80666666,北京分公司
3761653,bj-mdzypfbyy,北京分公司
3765030,百控商贸,石家庄盘古
3767205,sh永达路捷,上海分公司
3768077,sh尚镜,上海分公司
3769292,浩腾隆业,石家庄盘古
3769319,hb51huiyuan,苏州仕德伟
3769484,jn0531,济南开创
3770343,悦华高空建筑,盐城思科
3771601,美中汽车,黑龙江龙采
3772815,lbedu乐其英语,天津企商
3776888,广州长安医院2012,广州分公司
3778175,华邦电热管,盐城思科
3778323,sh功盛,上海分公司
3779808,sh祥舰劳务,上海分公司
3784476,长白街康辉,南京首屏
3784482,新瑞门业11,石家庄盘古
3786547,盐城东仁医院,盐城思科
3787776,廊坊华美格瑞,石家庄盘古
3788577,大易培训学校,石家庄盘古
3790160,nb-罗蒙,宁波国技
3792002,shbvip-黑黛增发,上海分公司
3792949,强比公司,济南开创
3795395,sh欣银,上海分公司
3796537,公安皮肤病专科,河南锐之旗
3797611,格瑞公司,石家庄盘古
3797648,xsjfilms88,苏州仕德伟
3798255,sh首丰,上海分公司
3799748,sh启茂,上海分公司
3801735,yunyunhx8,苏州仕德伟
3802282,沈阳尚为,沈阳盘古
3802356,沧州兆丰金属,石家庄盘古
3802601,hb4006,武汉百捷
3804068,shbvip-闲悠1,上海分公司
3804725,bj-bjddgc,北京分公司
3804754,金桥彩印,黑龙江龙采
3804760,bj-120gcw,北京分公司
3804807,金牛化工,长春盘古
3805288,nmfdjz1,常州青之峰
3805967,bj-ywzgyx,北京分公司
3805982,bj-ywxajy,北京分公司
3807313,美丸美料,上海分公司
3810578,szgyjh,苏州仕德伟
3812116,sy电缆,沈阳盘古
3813799,wh都市女子,武汉百捷
3815326,sh上海腾图,上海分公司
3815705,中潮木业,天津企商
3816510,qdaucma,青岛商至信
3818675,chinafljx8,苏州仕德伟
3818778,富图视觉,深圳分公司
3819339,gmc-bj,北京分公司
3819902,海南好房网,海南鑫网
3820356,共振设计,南宁网大
3820615,广东粤海,深圳分公司
3822475,shbvip-ucc4,上海分公司
3823201,苔北婚纱,厦门易尔通
3823707,凤凰印象,温州国技
3824962,sh玖轴,上海分公司
3827921,竞网V博大男科包皮网,湖南竞网
3829714,黄泥磅医院,重庆网润
3829959,lz-rjtctz,陕西博德
3832967,gy-gzzrf,陕西博德
3833937,重庆首诺,重庆网润
3834003,shb-仪分,上海分公司
3834911,bj-hemba,北京分公司
3836942,正浩公司,河南锐之旗
3843744,群丽化妆学校,成都百都
3848403,shbvip-复盛,上海分公司
3848847,重庆大金空调,重庆网润
3850436,shbvip-歌帝梵,上海分公司
3851683,sh松鹤,上海分公司
3851740,顺仪仪表,苏州仕德伟
3851887,惠兴农业机械,石家庄盘古
3854679,sh炫多,上海分公司
3858249,常荣建筑机械,河南锐之旗
3858969,sh上海桔子,上海分公司
3859174,bj-yunheyuan,北京分公司
3859546,水电驾校,石家庄盘古
3861728,sugao1,常州青之峰
3863098,广州盈之柔,广州分公司
3863256,爱瑞特环保arthb,安徽网新
3865308,sy-小背篓,沈阳盘古
3868685,kshrhb,苏州仕德伟
3869068,bj-e-plus,北京分公司
3869575,zhangyanansk,石家庄盘古
3870078,郑州开琐公司,河南锐之旗
3872141,彭年营业部,深圳分公司
3872291,索通国际,重庆网润
3873017,sy速达,沈阳盘古
3873235,华强水利gao,石家庄盘古
3875967,万贯机电城,成都百都
3876521,szchangxue,苏州仕德伟
3876659,米兰摄影,黑龙江龙采
3878369,sh上海权莹,上海分公司
3878458,永沁环境,成都百都
3878915,品泸酒业,重庆网润
3879267,爱礼航,广州分公司
3879283,tztek,苏州仕德伟
3879365,bj-唐亮,北京分公司
5031750,well-oil,苏州仕德伟
5057779,sx-驰恒,山西龙采
5059267,武汉德威技术,武汉百捷
5064836,威海挖掘机学校,烟台欣商
5065169,wxjszl01-888,无锡泛亚
5065333,爱诺公司,长春盘古
5066434,沈阳康盛,沈阳盘古
5066552,武汉皇宫婚纱摄影,武汉百捷
5066754,昕仕祺商贸,长春盘古
5066830,欧陆灯具,苏州仕德伟
5069643,xa-slbuxi,陕西博德
5072409,龙生墓园,沈阳盘古
5072725,德志餐饮,上海分公司
5072887,誉美肾病1,石家庄盘古
5073013,lz-gsjclg,陕西博德
5073386,重庆通本,重庆网润
5073569,书音摄影工作室,大连龙采
5073619,蔓延视觉2012,深圳分公司
5073976,wjhnjh,苏州仕德伟
5074408,紫馨美容医院,广州分公司
5076518,dongzhize8,苏州仕德伟
5078188,sh再华,上海分公司
5078239,bj-kidsel,北京分公司
5080589,shbvip-17qipei,上海分公司
5080681,万骐志信息2,深圳分公司
5081261,jnysxy01,无锡泛亚
5081596,sdxdtj,济南开创
5084005,返利邦,上海分公司
5084113,郑州恒星设备,河南锐之旗
5086839,鸿记甜品,广州分公司
5088142,bj-2046sheying,北京分公司
5088234,助成科技,温州国技
5088832,sh尚映,上海分公司
5089346,sh上海怡通,上海分公司
5089353,国宾妇产医院,重庆网润
5090278,sh艺极,上海分公司
5090728,畅邮网络,浙江首传
5090920,romeclassic-01,无锡泛亚
5094384,成都全码特,成都百都
5095385,szxes,苏州仕德伟
5095466,shgjss,上海分公司
5095742,mitutoyoks,苏州仕德伟
5096546,百弗教育,重庆网润
5097179,华章教育咨询,深圳分公司
5098125,霞曼门市部,黑龙江龙采
5100216,东华林公墓,天津企商
5105029,0516xzbc-555,无锡泛亚
5106254,sygk888,盐城思科
5106278,nj康辉国旅,南京首屏
5106305,shbvip-昂立,上海分公司
5106630,集大成,成都百都
5106656,ts福顺高频焊管,石家庄盘古
5106941,延边城市人家,长春盘古
5107030,shtl2012,上海分公司
5116165,瑞信工程造价,石家庄盘古
5116748,youlixing,苏州仕德伟
5117037,sh阿特拉斯,上海分公司
5117483,廊坊实源保温,石家庄盘古
5118051,江南美,武汉百捷
5118894,sh豪峰,上海分公司
5119050,hzlasiji,浙江首传
5120410,szkfbj,苏州仕德伟
5125644,金刚6888,云南创网
5126046,三棵树涂料,厦门易尔通
5126430,epoxymh8,苏州仕德伟
5128952,ksmould888,苏州仕德伟
5129438,guanvalve,苏州仕德伟
5130807,家家户户0451,黑龙江龙采
5132274,米兰尊荣,南京首屏
5135643,szwhzb,苏州仕德伟
5135704,suyimotor,苏州仕德伟
5137627,重庆外语学院,重庆网润
5139147,bd泰华机械,石家庄盘古
5145042,邯郸凯霞轴承,石家庄盘古
5145125,sh民青,上海分公司
5147957,WH世纪朝阳,武汉百捷
5148136,bjsbkq,北京分公司
5148276,沈阳-天牛,沈阳盘古
5148953,szlonyear,苏州仕德伟
5149476,筑梦网络,浙江首传
5149772,ts龙腾建材,石家庄盘古
5150936,卓越国旅,深圳分公司
5152037,szfmall,苏州仕德伟
5152659,sh亦蓁母婴,上海分公司
5153754,深圳丽人妇科门诊部,深圳分公司
5153817,bj-zhgl,北京分公司
5154984,sh横行介士,上海分公司
5155387,禧乐乐器,重庆网润
5155786,竞网CS罗门婚纱120419,湖南竞网
5158951,邦民快易贷,沈阳盘古
5159772,振兴柜业wu,石家庄盘古
5159966,河南宏昌机械,河南锐之旗
5164674,sh名人苑,上海分公司
5165266,bj-迷你仓,北京分公司
5165843,老哈食品0451,黑龙江龙采
5166019,szgongjia,苏州仕德伟
5166214,长春华山皮肤病,长春盘古
5168843,新世纪旅行,重庆网润
5169403,sh弘栩商贸,上海分公司
5169868,杭州萧山电大,浙江首传
5171702,启阳嘉航,成都百都
5176196,维多利亚MR,南京首屏
5176525,图腾网络设备,成都百都
5176806,bj-hongyundaair,北京分公司
5179246,西港大厦,重庆网润
5180908,互联在线01,深圳分公司
5181448,廊坊-森拉堡家具,石家庄盘古
5182408,广福汽车S,石家庄盘古
5182688,sh品德德语,上海分公司
5183883,金佛山旅游,重庆网润
5184533,南京双全,南京首屏
5189656,口岸中国旅行社01,深圳分公司
5190189,中原管道518,石家庄盘古
5191070,沈阳汇丰,沈阳盘古
5191395,九正科技,成都百都
5191481,仁济不孕不育,沈阳盘古
5191787,sh上海上外,上海分公司
5196066,风行茶饮,上海分公司
5199305,河南中州国际旅行a,河南锐之旗
5203132,sh蓝舰,上海分公司
5203626,sh毕须,上海分公司
5206284,恒鑫丰玻璃,河南锐之旗
5206310,达内软件科技,石家庄盘古
5206436,cny-loctice460,香港(中国搜索（亚洲）有限公司)
5210051,xa-szbyby,陕西博德
5211186,xa-qiye163,陕西博德
5211924,国旅明星营业部,深圳分公司
5215376,永联密封,石家庄盘古
5215534,十月天使,天津企商
5216548,申蓉宇丰,成都百都
5218186,jietpx88,苏州仕德伟
5218733,唯一视觉婚纱摄影,海南鑫网
5220053,lovegreenleaf,广州分公司
5223614,丑小鸭8833,云南创网
5223983,sh艾耳普,上海分公司
5224597,龙晟丰田,黑龙江龙采
5226930,fuyda,苏州仕德伟
5226946,天使嫁期摄影,厦门易尔通
5226957,楼轮3199,云南创网
5227945,bjcstc,北京分公司
5228570,跃达水生,石家庄盘古
5228704,hb虎刚塑胶,石家庄盘古
5228892,速拍二手车,大连龙采
5229077,华诺电子科技,河南锐之旗
5229380,金华维多利亚,义乌激石
5229418,cc常鑫建筑,长春盘古
5230389,四川狄邦出国,成都百都
5232186,大连鹏硕,大连龙采
5234259,sh泽喜,上海分公司
5234308,cny-mouser,香港(中国搜索（亚洲）有限公司)
5237107,山东九如山,济南开创
5238003,sh安泰,上海分公司
5238052,szdmdtool,苏州仕德伟
5239008,sz-newyhgy,苏州仕德伟
5240276,九都环保科技,石家庄盘古
5240733,久富实业,东莞分公司
5243581,sh铂钰,上海分公司
5243981,捷冠金龙,沈阳盘古
5244403,sh邦祥,上海分公司
5246051,csyxqz,苏州仕德伟
5246283,长春爱尔眼科,长春盘古
5246668,bj-hshl360,北京分公司
5247639,CQEDP,重庆网润
5248191,hbnisang,石家庄盘古
5249318,szweddingshow,苏州仕德伟
5250374,WH世纪国医堂,武汉百捷
5250459,群丽婚纱摄影,成都百都
5250913,sztd188,苏州仕德伟
5251488,wh仁爱,武汉百捷
5251765,辽参商贸,大连龙采
5253102,多乐热能设备,苏州仕德伟
5256650,为爱专一,温州国技
5257847,香港麦克风,河南锐之旗
5264010,WZ-全证,温州国技
5265108,sx恒瑞源,山西龙采
5266451,sh卓顾,上海分公司
5266748,gzjtjx01,广州分公司
5268226,九州核桃,成都百都
5268696,世纪金宇,天津企商
5269600,无与伦比01,广州分公司
5271334,bj-贵学教育,北京分公司
5271610,bj-广瑞食品,北京分公司
5273879,戴氏教育培训,成都百都
5275310,sh印尚,上海分公司
5275483,时代工商分院,成都百都
5277053,诸美集团,河南锐之旗
5278661,51anju,深圳分公司
5279867,sh远志,上海分公司
5283680,cnwll,苏州仕德伟
5284568,厦门薇薇,厦门易尔通
5286551,太新电热,黑龙江龙采
5288288,成都铁路分校,成都百都
5288652,15950020178,苏州仕德伟
5290079,竞网CS施华洛120604,湖南竞网
5290172,竞网CS蝴蝶树120606,湖南竞网
5290281,广州启泰,广州分公司
5293084,bj-51jinsha,北京分公司
5294107,cny-goldhk,香港(中国搜索（亚洲）有限公司)
5294839,九顺科贸,南宁网大
5296403,淮安天鑫,苏州仕德伟
5302458,涠洲岛旅游,南宁网大
5303161,sh宁振,上海分公司
5304007,德航工程,盐城思科
5305070,bj红阳亚太,北京分公司
5308021,宏康达,成都百都
5308787,bj-biluozhi,北京分公司
5309124,sz-hengyun,苏州仕德伟
5311478,科农天地,武汉百捷
5312413,重庆会计网,重庆网润
5313530,0756url,深圳分公司
5316836,万福男科lf,石家庄盘古
5317566,长春城市人家总公司,长春盘古
5317687,沈阳和美医院,沈阳盘古
5320285,sh纽澜,上海分公司
5320727,szya119,苏州仕德伟
5321654,sh爱有,上海分公司
5321989,藩信宏业1,成都百都
5325049,智友软件开发,石家庄盘古
5327783,电子科大EMBA,成都百都
5327811,大发物流搬家,成都百都
5329055,鑫联9988,石家庄盘古
5329292,FAN688,石家庄盘古
5330131,gy-gzgszy,陕西博德
5331070,sh昊欣,上海分公司
5331249,鼎奥橡胶,石家庄盘古
5332185,哈尔滨现代,黑龙江龙采
5337885,新锅底香土豆粉,新乡青峰
5340835,美橙舞蹈,成都百都
5341494,力合慧成01,深圳分公司
5343268,szbonrig,苏州仕德伟
5343402,hongjibg8,苏州仕德伟
5344005,bj-bjjingtan120,北京分公司
5344061,家具五厂,天津企商
5344654,xzfcw,镇江徐州
5345380,华立仪表,苏州仕德伟
5345932,bjgjjy,北京分公司
5346327,尊驰租车,成都百都
5346906,江苏金明高空,盐城思科
5347012,bj-真驰物流,北京分公司
5347522,sh广赛电源,上海分公司
5348716,yxjunwei66,无锡泛亚
5349040,鹏运达,山西龙采
5349390,中联股骨头,济南开创
5351347,御诚电子商务有限公司,深圳分公司
5351506,adSage-Yahui2012,大客户
5351830,sh千昌,上海分公司
5352846,xa-mst,陕西博德
5353182,亿达井盖,石家庄盘古
5353544,儿童天堂,沈阳盘古
5356024,itoce,河南锐之旗
5359249,香脆轩食品,河南锐之旗
5364730,山海湾,海南鑫网
5368199,团贷网,东莞分公司
5371778,hz清泉教育,浙江首传
5372783,糖豆旅游,黑龙江龙采
5376440,xa-ygbx,陕西博德
5376870,恒兴金属结构88,河南锐之旗
5376884,明星名人化妆学校,江西华邦
5377074,沧州恒通,石家庄盘古
5377587,聪明一休,武汉百捷
5379030,龙腾跃达,苏州仕德伟
5380565,sh艾加,上海分公司
5380821,gzme01,广州分公司
5383183,真爱婚纱摄影,苏州仕德伟
5384458,华育国际培训,成都百都
5385299,zzhzbjgs,河南锐之旗
5385401,kxyj,石家庄盘古
5385554,宏达厨房设备,盐城思科
5386598,xa-hsxy,陕西博德
5388950,xj-ll365,新疆百疆图
5389421,hz锦尚装饰,浙江首传
5391885,东林志商贸,河南锐之旗
5394275,成都乐居,成都百都
5394618,世纪美程,成都百都
5395771,bj-ya-du,北京分公司
5397851,sh丰旺,上海分公司
5398202,saas201201,深圳分公司
5399941,东莞大益,东莞分公司
5400020,上海同华,上海分公司
5400886,helin-tatami,苏州仕德伟
5401526,shbvip-nanjingdazhaxie,上海分公司
5402422,shbvip-jinandazhaxie,上海分公司
5402487,shbvip-guangzhouyangchenghu,上海分公司
5402712,shbvip-chengdudazhaxie,上海分公司
5402714,shbvip-xianyangchenghudazhaxie,上海分公司
5403010,华宇广告,苏州仕德伟
5404026,骏纬文化,广州分公司
5405909,竞网CS苹果120720,湖南竞网
5408739,兵翔机电,重庆网润
5411387,xa-zlxgl1,陕西博德
5411588,sh上海豪禾,上海分公司
5414786,徐德楼梯,上海分公司
5415052,grayhou,上海分公司
5415377,影匠摄影,成都百都
5417169,DL新青年,大连龙采
5420920,sh卓晴1,上海分公司
5421794,沈阳盛鼎,沈阳盘古
5422522,岭南工商,广州分公司
5423794,宣化正亿,石家庄盘古
5425222,cc轩瑞,长春盘古
5425624,ynglzs0227,云南创网
5428564,成都明易智,成都百都
5431448,hrbvenus,黑龙江龙采
5431680,昊通橡塑管业,石家庄盘古
5431974,sh乐旅02,上海分公司
5432160,sh容大教育,上海分公司
5432340,宁宝实业,上海分公司
5432886,创艺3140,云南创网
5433185,金旗建材,石家庄盘古
5433752,AH爱华学院,成都百都
5434737,sh上海波涛装饰,上海分公司
5434971,ssbdrj,石家庄盘古
5435181,康华旅行社,黑龙江龙采
5435546,果之王,重庆网润
5435820,hz花都培训,浙江首传
5437632,GENEWIZ,苏州仕德伟
5440494,大威帝电子,沈阳盘古
5440972,合拍电子商务,深圳分公司
5442397,sh数控工程技术,上海分公司
5443720,ribon-tech,苏州仕德伟
5449849,致知,广州分公司
5451135,sh水莲天,上海分公司
5452166,anjiazdh,苏州仕德伟
5453691,sh华一教育,上海分公司
5454203,上海欧那,上海分公司
5455042,xa-hswq,陕西博德
5455133,和美成成,成都百都
5456909,sh韩爱丝,上海分公司
5460520,aadai01,深圳分公司
5461198,xa-facephoto,陕西博德
5461344,振兴暖通,石家庄盘古
5462909,dd-瀚林,沈阳盘古
5465662,康辉南京国际,南京首屏
5465735,上舍居装饰,成都百都
5466180,bj-offercomes,北京分公司
5466243,深圳爱华人才培训中心01,深圳分公司
5467679,武侯天使之翼,成都百都
5468597,宜昌前卫整形,武汉百捷
5468778,jslangsheng,苏州仕德伟
5470033,宜昌亚太整形,武汉百捷
5471866,成都亚果,成都百都
5472077,品宇商贸pysm,安徽网新
5475463,建华过滤机,浙江首传
5475882,sh哈希,上海分公司
5477829,武汉意特,武汉百捷
5479354,gy-gyyhjd2,陕西博德
5484966,上海千循,上海分公司
5485658,海口房产热线,海南鑫网
5488607,四方缘,河南锐之旗
5489238,shbvip-复歌,上海分公司
5489486,碧海康环保,成都百都
5492137,szwtdp,苏州仕德伟
5492266,bj-aichuke,北京分公司
5493959,jzvip,苏州仕德伟
5495123,sh孚达,上海分公司
5497103,金众阳,南宁网大
5498776,sh春皓,上海分公司
5499063,xa-tynrf,陕西博德
5499933,hsv531,济南开创
5502581,hniso,湖南竞网
5504592,三义食品1,重庆网润
5504649,粤礼商贸,广州分公司
5505061,郑州男科,河南锐之旗
5506292,三只松鼠szss,安徽网新
5506633,sh迷你仓,上海分公司
5507563,重庆建伦科技,重庆网润
5508260,远城货运,成都百都
5509730,V2微图摄影,成都百都
5512761,sh其尚,上海分公司
5513733,上海邦湖,上海分公司
5513807,bj-junengjiaoyu,北京分公司
5514397,bj-皖南优筑,北京分公司
5515087,lf恒通交通,石家庄盘古
5515997,赢方科技,深圳分公司
5517049,cl民康苗木,石家庄盘古
5518405,shmuse,上海分公司
5523184,济南中医风湿病医院,济南开创
5523345,baodingdongfang,石家庄盘古
5527657,bj-昆仑时代,北京分公司
5529426,jiety8,苏州仕德伟
5529810,shbvip-安欣,上海分公司
5533424,sh祺拓,上海分公司
5535021,raidsant,苏州仕德伟
5535812,sh君达,上海分公司
5536063,洛基文化,上海分公司
5536267,蓉景科技,成都百都
5537560,上海震亚,上海分公司
5538164,sh雷莫电子,上海分公司
5538198,sh中孚,上海分公司
5540043,伟诚矿业,河南锐之旗
5544010,富合房产,海南鑫网
5544097,乐恩特文化传播,深圳分公司
5545899,shbvip-世好,上海分公司
5546102,sh塞依,上海分公司
5546686,现代长城门诊,南京首屏
5547259,恒业石材,南宁网大
5548852,shb-麦子枫桦,上海分公司
5550553,shbvip-爱度婚纱,上海分公司
5553715,kmcct1500,云南创网
5555071,sh福祥,上海分公司
5555507,gy-gyzygb,陕西博德
5555663,sh艾众,上海分公司
5557268,sh宜客,上海分公司
5558764,南通中政教育,南京首屏
5561889,bj-蓝宇鸿腾,北京分公司
5562144,tece,苏州仕德伟
5562174,wjhengrui,苏州仕德伟
5563451,司马餐饮,成都百都
5564902,长春海外旅游网,长春盘古
5566493,bj-shjzs,北京分公司
5567733,新蝶软件,南宁网大
5568089,三郎茂青,成都百都
5568868,重庆百健科技,重庆网润
5569980,成都紫苹果,成都百都
5572744,sh捷盈,上海分公司
5574155,nb-杉杉时装,宁波国技
5574159,bj-仁科互动,北京分公司
5574304,德坦0209,云南创网
5580774,中铁快运股份,北京分公司
5583094,bj-dyzcw,北京分公司
5583329,bj-paris,北京分公司
5584492,szyida99,苏州仕德伟
5584939,sh杰渡,上海分公司
5585315,衡水-华强科技,石家庄盘古
5585351,仁仁汽车租赁,山西龙采
5585734,博明眼镜,沈阳盘古
5585839,zj点我吧,浙江首传
5588361,武汉弘卓,武汉百捷
5588488,沈阳曙光不孕不育,沈阳盘古
5590344,sh爱芭,上海分公司
5590515,亮洁保洁服务部,石家庄盘古
5590720,赵心瑞起名,石家庄盘古
5590754,深圳市米兰新娘,深圳分公司
5591964,重庆九鼎日盛装饰,重庆网润
5592011,ycamlyy,盐城思科
5592090,佳航客车租赁,长春盘古
5592233,sy-鑫通汽车,沈阳盘古
5592270,6800cct1688,云南创网
5592338,6800cct1699,云南创网
5593147,sh千趣,上海分公司
5593457,sh庞贝捷漆油贸易,上海分公司
5594662,宏伟铝材,河南锐之旗
5595685,霓彩文化传播,石家庄盘古
5595913,szplxn,苏州仕德伟
5597552,仟禧2009,云南创网
5597961,sh时空,上海分公司
5598013,lz-amxb,陕西博德
5599846,shb-上海荣泰,上海分公司
5599867,toynly0887,云南创网
5601183,sh况小美,上海分公司
5610179,河间金达,石家庄盘古
5610933,鲜果时光,黑龙江龙采
5612036,bj众锦志诚,北京分公司
5612482,东莞阙志森,东莞分公司
5614598,车仆服务,深圳分公司
5614610,th吉庆参茸,长春盘古
5617144,中迅信息科技,潍坊中迅
5617233,xijiaokjy,苏州仕德伟
5619122,SGS-CN-HK2,香港(中国搜索（亚洲）有限公司)
5619826,bjberlitz,北京分公司
5620484,吉林省正融雕刻,长春盘古
5621862,citsnet7235,云南创网
5622453,美嘉欣玩具,深圳分公司
5622816,sh上海霜宇,上海分公司
5623619,南京雪中彩影,南京首屏
5623676,郑州非凡婚纱,河南锐之旗
5624415,沧州宏泰五金,石家庄盘古
5628154,美家国际,上海分公司
5628493,ccjlmn,长春盘古
5630306,sh上海丰晶,上海分公司
5631439,shyunyong,上海分公司
5631700,hrb松花江霞曼,黑龙江龙采
5633091,竞网CS艾度121017,湖南竞网
5633210,ts守钢,石家庄盘古
5633581,bj-巴黎春天,北京分公司
5633816,sh途胜,上海分公司
5634981,1416kmcits,云南创网
5636810,bjiaia,北京分公司
5637288,商创网络,上海分公司
5640860,0516fcw,镇江徐州
5641054,sh我要我爱,上海分公司
5641298,bj学之习谷,北京分公司
5646677,sh颖文经贸,上海分公司
5649084,币达科技,上海分公司
5650115,sh汤池,上海分公司
5654123,WZ-中能机械,温州国技
5656102,shalaoban,苏州仕德伟
5657009,bj奇品天下,北京分公司
5657531,xa-pdlhs,陕西博德
5657795,xa-hryy,陕西博德
5659014,希思国际,深圳分公司
5660374,NJ康辉旅行社,南京首屏
5662782,晶弘电器jhdq,安徽网新
5665538,gy-oynk888,陕西博德
5666470,腾博广告,石家庄盘古
5666586,廊坊格瑞玻璃棉,石家庄盘古
5666882,cytssz,苏州仕德伟
5668384,浙江外服,浙江首传
5670015,kmcits0207,云南创网
5670089,华信喷泉,成都百都
5670283,gy-scscl,陕西博德
5672166,sz-fanfan,苏州仕德伟
5672235,大唐伟业装饰,成都百都
5673010,shbvip-韩精艺,上海分公司
5674860,裕菖环保,大连龙采
5676571,萌帮,石家庄盘古
5677414,郑州力王,河南锐之旗
5677805,邓氏卤菜,成都百都
5678374,瑞中祥,河南锐之旗
5684935,南皮金恒压瓦机,石家庄盘古
5685509,华强轴瓦,石家庄盘古
5685638,成都雅思教育,成都百都
5685659,rlhb,苏州仕德伟
5685788,美人纪摄影,浙江首传
5687712,廊坊家豪,石家庄盘古
5687878,qiaogen1,义乌激石
5691076,szybs,苏州仕德伟
5691191,sh圣脉,上海分公司
5691495,新翔sh,上海分公司
5691773,bj-eblocks,北京分公司
5693713,sh村阳,上海分公司
5694711,shxjh,上海分公司
5695741,shbvip-新趋势,上海分公司
5696916,安徽袭人ahxr,安徽网新
5697722,启航2260,云南创网
5703498,ts海洋钢管,石家庄盘古
5704205,sh上海德马吉,上海分公司
5705086,yzlbgj,苏州仕德伟
5706070,sh浩耀,上海分公司
5709886,旅居中国,海南鑫网
5712500,shengyuqt,苏州仕德伟
5712619,bj-天空摄影,北京分公司
5713367,sh惠驰,上海分公司
5714543,芭莎新娘,黑龙江龙采
5715948,bj-qingqianliu,北京分公司
5718309,常丰线缆,石家庄盘古
5720402,段记,重庆网润
5721320,tyzsyywap,山西龙采
5724257,shb-掌动,上海分公司
5727103,xinbeijx,苏州仕德伟
5727553,hbwq01,深圳分公司
5729093,sh新国,上海分公司
5731519,cny-coolfriendcard,香港(中国搜索（亚洲）有限公司)
5732390,xa-xyxx,陕西博德
5733218,wddxx,北京分公司
5733948,吉祥78,长春盘古
5734082,宠印动物,成都百都
5734220,风范高考补习,沈阳盘古
5735387,shbvip-youzaigame,上海分公司
5736214,富源核桃,河南锐之旗
5740999,szpadjh,苏州仕德伟
5741972,辽宁天成,沈阳盘古
5742474,白雪公主婚纱,厦门易尔通
5743973,吉林市百合装饰,长春盘古
5746702,南宁邦邻,南宁网大
5748280,奇淳网络,南京首屏
5748747,北京名品商标,北京分公司
5749264,kmcits0031,云南创网
5751461,云腾5756,云南创网
5751603,sh百姓装潢,上海分公司
5751666,shbvip-visasto,上海分公司
5752134,dl惠泽餐饮,大连龙采
5754291,jx文苑凯悦,浙江首传
5756973,曙光医疗美容门诊部,深圳分公司
5757158,云邮科技,江西华邦
5761529,永达风筒乔长春,盐城思科
5762837,CZ尚层青摄影,常州青之峰
5763452,bj-weixinhai,北京分公司
5764849,ksyszs,苏州仕德伟
5766606,郑州上花轿婚纱摄影,河南锐之旗
5766972,南通爱妃玛丽,南京首屏
5768193,zhongkairj,苏州仕德伟
5768221,复旦求是,上海分公司
5768885,ts世洁地坪,石家庄盘古
5769643,gy-gylidumr,陕西博德
5772725,胜家准则,沈阳盘古
5773068,wxjgnzht,无锡泛亚
5775528,容和科技,广州分公司
5776533,创易网络技术,深圳分公司
5776968,科讯培训中心,深圳分公司
5780611,szjs666,苏州仕德伟
5783621,syzfmy,苏州仕德伟
5784113,sh上德宝骏,上海分公司
5784300,舒美佰粥汇,重庆网润
5784813,一林输送设备张,石家庄盘古
5785473,shbvip-tianlun100,上海分公司
5785836,sz520摄影,深圳分公司
5786225,竞网CS嘉宝121211,湖南竞网
5787172,深圳市游侠网电子商务有限公司,深圳分公司
5788173,shenbing0531,济南开创
5788224,成都普易达,成都百都
5790849,安塞钢材,成都百都
5790894,sh紫昆,上海分公司
5795457,cz恒通,石家庄盘古
5796268,sh新四合,上海分公司
5796308,厦门傲天,厦门易尔通
5797283,sjz新华能源,石家庄盘古
5801452,ts立达,石家庄盘古
5804915,shbvip-永达集团,上海分公司
5805274,ctgy,苏州仕德伟
5805569,tw食品,上海分公司
5807733,zzdlwdit,河南锐之旗
5807910,上海臻辛,上海分公司
5808393,am食品,上海分公司
5812139,四川欢乐空间,成都百都
5813678,哈尔滨幼儿教育,黑龙江龙采
5814186,乐万家暖通,石家庄盘古
5815493,黑科技,黑龙江龙采
5816001,106抽动,济南开创
5817458,王记张妈,成都百都
5817780,东风停车设备,成都百都
5819496,9998kmcits0285,云南创网
5819604,3247kmcits0159,云南创网
5819620,家乐物资,重庆网润
5820299,yaoshanski,河南锐之旗
5821689,蓝拓真空机电,重庆网润
5823370,竞网CS随意居121225,湖南竞网
5825246,皇家爱情婚纱,常州青之峰
5829369,349393zqb168,云南创网
5830890,WH中翰,武汉百捷
5831365,重庆豪杰,重庆网润
5832259,重庆雪涛商贸,重庆网润
5832501,华宇培训学校,石家庄盘古
5834458,重庆嘉恩,重庆网润
5834609,星洁管业,石家庄盘古
5836389,jinying365,苏州仕德伟
5836798,kmcits0044,云南创网
5839056,bd恒润造纸机械,石家庄盘古
5839200,ecovacs88,苏州仕德伟
5839207,baicaowei,浙江首传
5840339,金电楼宇设备,长春盘古
5840837,xa-lawaymy,陕西博德
5843293,亚心医院,武汉百捷
5848514,大连西菱,大连龙采
5848699,sx沪洋电气,山西龙采
5849268,济南嘉乐不孕症医院,济南开创
5850442,沈阳博仕医院,沈阳盘古
5851590,cc新大陆,长春盘古
5852753,成都送子鸟,成都百都
5853623,盼盼硅藻,大连龙采
5853867,sh光华控江,上海分公司
5857434,bj-17house,北京分公司
5858268,东波威娜,石家庄盘古
5859641,丰渔海鲜,大连龙采
5860229,大连驰敖,大连龙采
5860391,汉博阁汉堡,黑龙江龙采
5860666,易控品牌,成都百都
5862912,jsyyhg88,常州青之峰
5863798,zjghjaq,苏州仕德伟
5865916,肛肠99,济南开创
5866043,kmcits0001,云南创网
5866319,sh沈飞,上海分公司
5867515,优优数学,成都百都
5868589,sh好游餐饮,上海分公司
5868878,宁夏朗银英语培训,呼和浩特开企
5869051,济南万泰,济南开创
5875036,米雪公主搜索,重庆网润
5878926,bj-csfsdz,北京分公司
5879266,shbvip-嘻嘻芒果,上海分公司
5879466,我爱家房产,海南鑫网
5879652,sh-延爱,上海分公司
5883744,中天房地产,海南鑫网
5883917,重庆东大二,重庆网润
5884678,NJ第一夫人,南京首屏
5885094,shb-上海怡乐,上海分公司
5885701,sh-西商,上海分公司
5888138,河南康辉国旅总部,河南锐之旗
5894035,szande,苏州仕德伟
5894537,南宁龙翔学校招生办,南宁网大
5895017,vipsh郎域,上海分公司
5895793,杭州翼彩,浙江首传
5898623,zdsy88,盐城思科
5899116,高校5844,云南创网
5899430,电气研究所,温州国技
5899629,bj-华夏泉盛,北京分公司
5899989,512gl,苏州仕德伟
5901965,南方333,云南创网
5902169,lz-jkfk,陕西博德
5902761,sefr916,苏州仕德伟
5904895,华侨城旅行社总部,深圳分公司
5906224,sh维格娜丝,上海分公司
5907205,青风软件,深圳分公司
5909488,巴图鲁烤羊腿,黑龙江龙采
5909567,博广股份,石家庄盘古
5912309,豫磨精饰,河南锐之旗
5915407,禹州奔健,河南锐之旗
5915650,bj-东方资商,北京分公司
5916696,hljhxc,长春盘古
5918227,bj-mdst365,北京分公司
5918907,sh上海吉祥,上海分公司
5918927,loveddc,苏州仕德伟
5919141,sh上海畅悦,上海分公司
5919146,lz-gsqljg,陕西博德
5919552,balisheying01,深圳分公司
5921444,佛山诺力,深圳分公司
5924734,金点9956,云南创网
5924866,bj-远洋地产,北京分公司
5925037,bj-飞度网络,北京分公司
5925195,达兴汽修,长春盘古
5926710,青年职业培训学校,河南锐之旗
5928624,83999777,石家庄盘古
5934397,夜雨国际,黑龙江龙采
5934788,CD怡春食品,石家庄盘古
5935456,sz-szbys,苏州仕德伟
5936483,cy-鑫山源沸石厂,沈阳盘古
5938909,天喜搬家,石家庄盘古
5939199,山东美嘉钢琴城,济南开创
5939250,郑州程翔,河南锐之旗
5941511,卓越气体设备,石家庄盘古
5942680,江苏中热机电,盐城思科
5943169,lf燕达彩钢,石家庄盘古
5943563,亿宝体育,黑龙江龙采
5943669,hzjoinhead,浙江首传
5944799,富达工艺品,石家庄盘古
5945708,szmebel,苏州仕德伟
5946319,大连嘉伟,大连龙采
5946853,开封粮机1,河南锐之旗
5948832,qhd花瓣摄影,石家庄盘古
5949734,渤商投资,烟台欣商
5952699,辽宁人才,沈阳盘古
5956666,shcompanycn,上海分公司
5957180,信豪愿景,广州分公司
5957823,bj-安泰信邦,北京分公司
5959881,sh凯旷01,上海分公司
5959975,bj-先智创科,北京分公司
5960196,鲁能三亚湾,海南鑫网
5961156,中仁男科医院,深圳分公司
5963921,儋州房产网,海南鑫网
5963929,元能管业,重庆网润
5964372,腾宇膜结构,苏州仕德伟
5964979,bj-万福金安,北京分公司
5972790,bj-tyn198,北京分公司
5974492,安平百瑞,石家庄盘古
5976774,光大景观,苏州仕德伟
5976815,竞网CS射手座130305,湖南竞网
5977938,成都博大教育,成都百都
5982293,双安科技,天津企商
5982396,天伦不孕tlby,安徽网新
5982515,合肥国生hfgs,安徽网新
5982744,gy-huass,陕西博德
5984289,柏威国际货运,深圳分公司
5984463,爱因森4266,云南创网
5984719,北兴建材,成都百都
5985252,shbvip-宏康鼻炎网,上海分公司
5985965,臻石文化传媒,长春盘古
5986238,迦恩勒机械,沈阳盘古
5986369,江苏兴恒,苏州仕德伟
5987311,北方正泰,黑龙江龙采
5987545,youteng88,苏州仕德伟
5987944,德基机械,石家庄盘古
5989726,康漏宝,重庆网润
5990019,jn血管瘤,济南开创
5994546,方兴艺术,成都百都
5998558,大连修改王,大连龙采
5998912,老狼大盘鸡,河南锐之旗
5999404,bj-唐城未来星,北京分公司
6001252,中国康迪,石家庄盘古
6001748,耳鼻喉33,济南开创
6001870,CD天一学院,成都百都
6002112,美英澳,济南开创
6002521,诺传科技,成都百都
6003471,bj-licaimall,北京分公司
6004195,sh江丰,上海分公司
6005181,江苏乐博,南京首屏
6005394,厦门大城小爱婚纱,厦门易尔通
6005714,ts鑫磊,石家庄盘古
6006800,天亿福珠宝,长春盘古
6007680,xn-mnls,陕西博德
6007904,shbvip-鼎象,上海分公司
6009337,菲尼特,成都百都
6009883,送子鸟baidu,武汉百捷
6009974,广西宏章,南宁网大
6010040,gy-phnixgz,陕西博德
6011645,红鑫机械,成都百都
6016360,sh上海中经堂,上海分公司
6017310,湖北自考027,武汉百捷
6017311,龙泉古园,沈阳盘古
6018775,ts百得,石家庄盘古
6018829,一江商城,重庆网润
6019977,shbvip-tw1h,上海分公司
6019992,shbvip-tpms,上海分公司
6021979,sh爱宝贝,上海分公司
6023581,湖北大学成教自考网,武汉百捷
6025465,华视瑞,深圳分公司
6027858,名阁木艺,成都百都
6028689,沈阳海塑瑞,沈阳盘古
6030083,优优特装饰工程,成都百都
6034671,青旅经二路,河南锐之旗
6039367,健客医药19,东莞分公司
6039380,shtmwl,上海分公司
6041496,轻舟装饰欧,石家庄盘古
6047389,龙龙2671,云南创网
6051807,lz-yld,陕西博德
6051876,shbvip-pfbjk,上海分公司
6053427,博爱医院0326,福建百纳
6056178,sh玉熙,上海分公司
6057250,echocn,上海分公司
6057548,EZ华培教育,武汉百捷
6059326,合正建材,深圳分公司
6059430,bj富思特,北京分公司
6060829,xa-sdq,陕西博德
6062888,sisdc8,苏州仕德伟
6063067,墨隆煤矿,石家庄盘古
6063151,shrugui,上海分公司
6063617,河北华月,石家庄盘古
6064041,shbvip-pdtarena,上海分公司
6064111,哈尔滨欧派,黑龙江龙采
6065911,湖北工业大学自考027,武汉百捷
6066245,韩后美容,广州分公司
6066377,卧龙游乐,河南锐之旗
6066888,xt开天,石家庄盘古
6067838,sh上海助动,上海分公司
6068157,禹州巨龙塑料,河南锐之旗
6070452,tstryy1,石家庄盘古
6070536,xc上岛咖啡,浙江首传
6070833,yh旭阳,浙江首传
6071841,鼎润玉器,河南锐之旗
6074713,鑫凌龙,天津企商
6075650,sh尚益,上海分公司
6077285,康辉旗舰营业部,深圳分公司
6080189,jg联线,浙江首传
6081553,科达仪器仪表,河南锐之旗
6082572,shbvip-知贤官网,上海分公司
6082844,bj-lao800,北京分公司
6084495,耘涛学校,成都百都
6092755,bj-安投融,北京分公司
6093380,sh祝途,上海分公司
6094733,总统府达内,南京首屏
6098687,三精女子专科医院,黑龙江龙采
6099112,仕馨月子,广州分公司
6099302,糖汇甜品,上海分公司
6100888,hld-乐享网,沈阳盘古
6101080,bj-xyjxbmw,北京分公司
6103586,苏州5152,苏州仕德伟
6104403,sh龙漳,上海分公司
6105025,guangbo88,苏州仕德伟
6105496,老麻抄手1,重庆网润
6105522,新劲宏4693,云南创网
6106172,szcxty,苏州仕德伟
6107283,zzw-sztjzx,苏州仕德伟
6107492,大连宜辰,大连龙采
6107523,xc海立方,浙江首传
6107999,智天贵金属,广州分公司
6108713,灵山宝塔,石家庄盘古
6109189,郑州恒瑞达,河南锐之旗
6109479,丹凤眼眼部美容店,成都百都
6112389,shbvip-wellforces,上海分公司
6112877,华夏水箱,盐城思科
6113557,衡水天泰,石家庄盘古
6113586,6161vip,苏州仕德伟
6114584,sh戴氏培训,上海分公司
6118833,上海君开商贸,上海分公司
6120031,全汇科技,天津企商
6120824,花儿绽放,深圳分公司
6122076,sz-tywl,苏州仕德伟
6122795,蜀沐竹柳,成都百都
6123569,sy力豪发电机,沈阳盘古
6123828,hnkmsg,河南锐之旗
6124264,川一硅藻,青岛商至信
6124348,东戴河社区网,沈阳盘古
6124478,wh武大专升本,武汉百捷
6124569,ty纽约纽约,山西龙采
6124701,bj-ediblearrangements,北京分公司
6124875,whgcedu,武汉百捷
6127636,sy恒达租赁,海南鑫网
6128011,帅康座椅董,石家庄盘古
6128721,xa-xadn,陕西博德
6131199,xiaoying22013,苏州仕德伟
6132600,gy-gzdibi,陕西博德
6133945,俊华羊业,成都百都
6135526,九份芋圆,南宁网大
6137541,gy-xntyn198,陕西博德
6138609,seoul,苏州仕德伟
6139490,博爵塑料,石家庄盘古
6139510,tylertang,上海分公司
6139603,亮虞实业,上海分公司
6142280,ty九州皮肤病医院,山西龙采
6143574,中冷暖通01,成都百都
6143888,武汉亚太美容,武汉百捷
6144702,上海鑫染轴承,上海分公司
6144803,wxdggg,无锡泛亚
6144988,金广源房地产,海南鑫网
6145406,海德堡篷房,大连龙采
6145673,xh骏杨明科技,浙江首传
6145779,河北暖阁尔,石家庄盘古
6148049,松原华明眼科,长春盘古
6148518,邯郸爱眼医院,石家庄盘古
6149000,金顶天通,天津企商
6151025,星海湾游艇,大连龙采
6152057,gs光大搬家,浙江首传
6152892,gy-zthb,陕西博德
6153344,黄金佳,石家庄盘古
6157395,鼎典门业,河南锐之旗
6159764,金豹木业,长春盘古
6161211,宜丰行空调,重庆网润
6161315,xa-mkftea,陕西博德
6161351,大连水益家,大连龙采
6163292,fs-皇家海洋主题乐园,沈阳盘古
6163551,国王映像,大连龙采
6164378,佰力消防01,广州分公司
6165492,bj-银盈通,北京分公司
6167280,mingshiedu,广州分公司
6167884,vip菲笔,上海分公司
6168162,蓝领学院,黑龙江龙采
6168231,中建世家,武汉百捷
6173772,lz-gszhsh,陕西博德
6174370,shbvip-topcrab,上海分公司
6174740,bj-生活家,北京分公司
6178859,竞网CS点石130503,湖南竞网
6179496,郑州开源地坪,河南锐之旗
6184252,英捷彩钢,黑龙江龙采
6184581,惠海空调工程,石家庄盘古
6186169,重庆渝格,重庆网润
6187291,魏刘飞,石家庄盘古
6188543,石家庄永盛塑料,石家庄盘古
6189807,浩淼文化,长春盘古
6193347,shbvip-房地产学院,上海分公司
6194793,南昌米兰婚纱,江西华邦
6197552,qhd立群,石家庄盘古
6200058,猫哆哩集团,云南创网
6201962,艾海滑石,大连龙采
6203704,怡芳苑,重庆网润
6206152,N多餐饮,常州青之峰
6207435,bj-金诺华,北京分公司
6211943,成都新桥牙科,成都百都
6212043,成都爱迪眼科,成都百都
6212048,男科九龙2,安徽网新
6213077,shangliantong,北京分公司
6213457,重庆新航道,重庆网润
6213941,铭仁,苏州仕德伟
6214327,shdongrui,上海分公司
6214501,gy-gynjnk,陕西博德
6216892,海格英语,济南开创
6217278,纳百川教育发展,上海分公司
6217280,gy-gzqddq,陕西博德
6218310,一能燃具,重庆网润
6218339,邢台蓝天化工,石家庄盘古
6218363,BFSforex2013,大客户
6218446,sh上海点客,上海分公司
6219012,sh硕杭,上海分公司
6221246,sh雄克,上海分公司
6222153,szszjh,苏州仕德伟
6222189,天津东方之珠,天津企商
6224226,上海前拓,上海分公司
6224633,kh0628,长春盘古
6224674,华强科技董,石家庄盘古
6227111,益农农业机械,长春盘古
6230455,水木荷塘,武汉百捷
6231329,xj-xjxgdl,新疆百疆图
6232785,sanurobot,上海分公司
6232865,gmajorfilm,苏州仕德伟
6233831,梁秉存,沈阳盘古
6234095,ts金旅汽贸,石家庄盘古
6236762,sh南滨,上海分公司
6237793,tpsjj,苏州仕德伟
6237848,gy-gyhm,陕西博德
6238176,etc-sdu,济南开创
6238194,sh花嫁丽舍,上海分公司
6238372,whzyyy,武汉百捷
6238522,sh昆傲,上海分公司
6238805,SYDLC,沈阳盘古
6240096,shweiyiyoulun,上海分公司
6240363,whmzxy,武汉百捷
6241447,jg赵海餐饮,浙江首传
6242790,dl中国国旅,大连龙采
6242851,智驾宝,重庆网润
6243084,丹凤妇产2,安徽网新
6243091,重庆科龙汽修,重庆网润
6247249,孝心坊,成都百都
6247858,摩罗丹药业,石家庄盘古
6248275,景阳地产,石家庄盘古
6248703,cny-5yimin,香港(中国搜索（亚洲）有限公司)
6249255,jomugy,苏州仕德伟
6249630,maikailong,苏州仕德伟
6251159,bj天度创想,北京分公司
6252774,nt阁楼,南京首屏
6253995,bj盛凯诚业,北京分公司
6255702,竞网CS古点130529,湖南竞网
6255712,三好优品,重庆网润
6255869,csyonggu,苏州仕德伟
6256034,sh上海谦达,上海分公司
6256077,bl-gaozitai,广州分公司
6256391,csvenus,苏州仕德伟
6258399,华谷教育4,武汉百捷
6259119,华美万成,深圳分公司
6260505,ccnuhsd,武汉百捷
6260898,szhmnz,苏州仕德伟
6263103,罗兰婚纱摄影01,深圳分公司
6263238,品诚科技,成都百都
6264398,宝瞳,重庆网润
6264712,sh玺律,上海分公司
6264769,德品工程,重庆网润
6264892,卓硕钢管,南宁网大
6269498,呼市聚华地坪工程,呼和浩特开企
6270391,壹午壹食ywys,安徽网新
6272009,菱通汽车,河南锐之旗
6272091,来御来,温州国技
6273481,whwyws,武汉百捷
6274180,辽宁虎跃旅行社,沈阳盘古
6275581,武汉通企软件,武汉百捷
6276777,中软慧谷,武汉百捷
6279086,023bdqn,重庆网润
6279417,新南方培训学校,武汉百捷
6281373,民政学院,武汉百捷
6281534,天目山fk,浙江首传
6281884,美景舒适家,成都百都
6282802,江海救生消防,盐城思科
6283439,创伟矿产,石家庄盘古
6283629,jschaorun,苏州仕德伟
6284670,shbvip-隆裕,上海分公司
6284691,一拍两善01,广州分公司
6285082,克莱美特,重庆网润
6286370,xa-xitie,陕西博德
6286389,ts百膳有机食品,石家庄盘古
6287229,0160kmcits0008,云南创网
6287842,成百馨宜家,成都百都
6288745,sytlmy,苏州仕德伟
6289660,sh学乐教育,上海分公司
6290000,bj生活家,北京分公司
6290543,sh凤绫,上海分公司
6290967,坤远机电设备,广州分公司
6291148,WZ-翼龙贷,温州国技
6291198,bj千厨饮食,北京分公司
6294442,bj-sanxjx,北京分公司
6294893,河北天一,石家庄盘古
6294992,shbvip-财大,上海分公司
6295205,watchsos,上海分公司
6297579,意昂投资,江西华邦
6298441,红线婚恋,成都百都
6299063,大连育荣,大连龙采
6302901,tuuxun9770,云南创网
6303894,ty凯瑟琳,山西龙采
6306046,东旺环保,盐城思科
6306118,燕京理工学院,石家庄盘古
6307088,xa-qifan,陕西博德
6307137,bj-ctyun,北京分公司
6307369,xa-xgdb,陕西博德
6307372,shshenrongmuye,上海分公司
6309558,sh9koudai,上海分公司
6310760,四川环能德美,成都百都
6312376,xa-biz,陕西博德
6312774,开利星空,天津企商
6312987,360qikan001,南京首屏
6313077,武汉婚博会,武汉百捷
6314021,xinfengsj,苏州仕德伟
6316708,翌真生物,南宁网大
6317199,shlinhai,上海分公司
6317225,豪统回收,石家庄盘古
6317585,元度,成都百都
6317883,江西新源,江西华邦
6318345,康顺体育,河南锐之旗
6322217,bj-fxiaoke,北京分公司
6322753,豫西大峡谷,河南锐之旗
6323244,南宁龙翔招生办,南宁网大
6323974,宁夏环球雅思,呼和浩特开企
6324181,河南通达商标,河南锐之旗
6325268,竞网CS中国电信130513,湖南竞网
6325748,sy-金伟达,沈阳盘古
6326200,武汉普天,武汉百捷
6327026,zj广播电视大学,浙江首传
6327102,自考招生网2013,武汉百捷
6327597,wwwnowcn,深圳分公司
6328586,xa-jujiao,陕西博德
6330521,楷模建筑装饰,成都百都
6330705,JZ荆州理工学院,武汉百捷
6330986,xa-yddlff,陕西博德
6332642,重庆无忧4,重庆网润
6332663,liwanhua,南宁网大
6332891,合力叉车027,武汉百捷
6332917,沈水机械1,沈阳盘古
6333120,光密仪器,上海分公司
6333408,xa-xasdups,陕西博德
6333546,华英风幕,沈阳盘古
6334168,bj-那茉食品,北京分公司
6337026,WZ-李山投资,温州国技
6337593,ZXWZX,石家庄盘古
6337902,重庆两江技工学校,重庆网润
6338762,中流专线通,苏州仕德伟
6340290,点点淘科技,深圳分公司
6343273,廊坊-盘石防火,石家庄盘古
6343374,1978工作室,沈阳盘古
6343422,华西肝病科,成都百都
6344278,中天皮肤,南京首屏
6346175,cny-cexpo,香港(中国搜索（亚洲）有限公司)
6346657,sh韩瑞,上海分公司
6346916,吉林市域之为01,长春盘古
6347147,胜邦保温材料,石家庄盘古
6347307,shbvip-贝杰,上海分公司
6347914,东莞徐氏电业,东莞分公司
6348860,吉林市域之为03,长春盘古
6348868,吉林市域之为04,长春盘古
6349005,吉林市域之为06,长春盘古
6350752,gy-zsd,陕西博德
6352503,大力神锅炉制造,石家庄盘古
6352725,yzdftg,苏州仕德伟
6353587,sh真隐形,上海分公司
6353845,yzdrxc,苏州仕德伟
6353856,重庆秦妈,重庆网润
6355989,吉林市域之为08,长春盘古
6357830,唐卡装饰,重庆网润
6361206,恒德凯瑞,长春盘古
6361381,吉林市域之为10,长春盘古
6362841,万象阳光锁业,南宁网大
6362851,hsmob-weimob,上海分公司
6363320,鑫东瑞铝业,石家庄盘古
6363428,cctxy168,深圳分公司
6363733,北方汽车修理职业培训学院,广州分公司
6363791,bjgesafe,北京分公司
6364956,广仁不孕新开,浙江首传
6364979,sh瑞续,上海分公司
6365121,WZ-丽信软件,温州国技
6365811,qhd拉菲视觉,石家庄盘古
6368053,晗嘉7788,云南创网
6369262,达子财务,苏州仕德伟
6370572,广州蓬勃,广州分公司
6371503,SY-翰皇,沈阳盘古
6371978,西南大学留学,重庆网润
6372889,金点子7777,云南创网
6375757,yuemmgi,苏州仕德伟
6376237,任沧机电,石家庄盘古
6377347,ynhcjy,云南创网
6379788,xidahai315,苏州仕德伟
6381041,河北科信博,石家庄盘古
6381949,豪克科技,黑龙江龙采
6382682,上海洪河,上海分公司
6382836,唐县喷泉设备,石家庄盘古
6384476,shbvip-泽语,上海分公司
6385898,飞翔宠物店,南京首屏
6386713,CACOS,广州分公司
6388707,shbvip-crjy,上海分公司
6389872,上海银驰,上海分公司
6390262,xa-hiwh,陕西博德
6392821,卡号网8,河南锐之旗
6393614,shbvip-668dw,上海分公司
6394479,shbvip-hw158,上海分公司
6395920,185ly6,苏州仕德伟
6397457,bj-feiyu,北京分公司
6401221,ynpfbyy2611,云南创网
6401282,shbvip-3M中国,上海分公司
6404013,eszikao,武汉百捷
6404732,中梦网络,武汉百捷
6404814,潘多拉摄影,海南鑫网
6405669,bj玫瑰星座,北京分公司
6406056,DL新华医院,大连龙采
6406075,郑州一品教育,河南锐之旗
6407815,哈尔滨极地馆,黑龙江龙采
6408655,lz-zlgc,陕西博德
6409160,沈阳市北方汽修专业学校,沈阳盘古
6409849,qhd大华,石家庄盘古
6411372,天津恒峰装饰,天津企商
6411468,jx鼎赞,浙江首传
6411925,sh上海云车,上海分公司
6412057,广州美昱,广州分公司
6412068,gy-gzjcd,陕西博德
6413736,yh奇异鸟,浙江首传
6416815,广西工程职业学院,南宁网大
6417077,jdled0158,苏州仕德伟
6417536,湖北祥和,武汉百捷
6417979,成都龙文教育,成都百都
6421434,bj-阿博泰克,北京分公司
6421602,xn-10000,陕西博德
6421843,博骏建筑,石家庄盘古
6421881,欧客鸡排,黑龙江龙采
6422335,华力电机厂,河南锐之旗
6425127,szdengmu,苏州仕德伟
6425196,gy-hytyg,陕西博德
6426061,河南远工,河南锐之旗
6426741,wybua1,武汉百捷
6426831,hkd-banobagi-1307,香港(中国搜索（亚洲）有限公司)
6427011,xn-kcsm,陕西博德
6427190,敬业大酒店,石家庄盘古
6427650,昆山协和医院8,苏州仕德伟
6429147,szbdzzp,苏州仕德伟
6430824,伊品鲜奶1,长春盘古
6431908,恒德瑞房地产,海南鑫网
6432233,sh秉钧,上海分公司
6433842,林颖沙画,长春盘古
6434690,szdgsjj,苏州仕德伟
6434708,状元郎搬运,石家庄盘古
6434823,sh上海九星-vip,上海分公司
6436966,新佳联,广州分公司
6437046,ynjzyy088,云南创网
6438928,shbvip-天栈,上海分公司
6439015,吉林升平科技,长春盘古
6439186,sh英墨,上海分公司
6439508,万色城,青岛商至信
6441833,mibokids,上海分公司
6445786,金拇指防水,河南锐之旗
6447531,sh樱岛,上海分公司
6448636,宜昌起点,武汉百捷
6449239,鑫盛防腐木,河南锐之旗
6449531,lz-hhhz,陕西博德
6449550,跨川,苏州仕德伟
6449625,德跃数控机械,石家庄盘古
6451075,sh萨图西,上海分公司
6451214,zgszlyh,苏州仕德伟
6452966,亚神胶粘带制品,石家庄盘古
6453998,宣涵投资,石家庄盘古
6455000,响丰纺织,盐城思科
6459593,美缘贸易,大连龙采
6460908,shbvip-上盟,上海分公司
6461381,百利石材,石家庄盘古
6462427,济南血液病1,济南开创
6466484,2013森博会,义乌激石
6466590,华谷jmzi,武汉百捷
6466592,度盛机械,常州青之峰
6467696,包头瑞洁,呼和浩特开企
6467888,功业塑胶,东莞分公司
6468303,肝泰医院,武汉百捷
6469371,嘉立创02,深圳分公司
6470516,优巴软件,石家庄盘古
6470707,翡翠教育,成都百都
6470766,jsjwt,苏州仕德伟
6471284,河北电大,石家庄盘古
6472983,罗孚机电,天津企商
6473114,厨东食品机械,河南锐之旗
6473214,金融学院2013,广州分公司
6477319,滨房网,济南开创
6480570,24小时开锁,河南锐之旗
6480689,现代泌尿男科1,长春盘古
6481233,重庆远大,重庆网润
6485430,shbvip-好澄真商贸,上海分公司
6485525,郑州大闸蟹网,河南锐之旗
6485586,羽佳塑业有限公司,盐城思科
6486600,美陶瓷砖,深圳分公司
6486639,石记餐饮,黑龙江龙采
6486986,xa-sxzb,陕西博德
6487367,小猪Cms,安徽网新
6488357,三亚天一携同,海南鑫网
6488565,szchengxia,苏州仕德伟
6488783,梧桐4496,云南创网
6489100,ehsy95,广州分公司
6490248,hzlwtz,苏州仕德伟
6491977,laperle,广州分公司
6492095,于记餐饮,长春盘古
6492637,sh拜伦斯维,上海分公司
6493533,郑州东阳日语,河南锐之旗
6493570,xh瑞秀生物,浙江首传
6493643,百合装饰1,长春盘古
6494137,sh韩精艺,上海分公司
6495673,中国律师服务网,重庆网润
6496761,重庆鑫迪利,重庆网润
6497315,誉丰艾普,成都百都
6501625,蒙妮坦厦门学校,厦门易尔通
6506361,bj-中福万家,北京分公司
6506651,sh喜眠,上海分公司
6507008,玛萨国际msgj,安徽网新
6507262,sh唯久,上海分公司
6507627,sh环金,上海分公司
6510030,bj骏车通达,北京分公司
6510757,鸿雅人资,石家庄盘古
6511198,sh信邮,上海分公司
6512036,智益彤,天津企商
6513273,jnqzn2,济南开创
6514371,bj-远洋养老,北京分公司
6514707,hzjhtz,苏州仕德伟
6516114,sh搜酷,上海分公司
6517347,广东省博物馆2013,广州分公司
6518668,wjzjjh,苏州仕德伟
6519503,新锐艺术学校,成都百都
6520192,前进铁柜厂,石家庄盘古
6520420,昆明延安医院,云南创网
6521330,长春生修堂中医院,长春盘古
6522252,巨宝机电,重庆网润
6523203,面对面家装,南京首屏
6523576,sh安辉,上海分公司
6523816,ksglpt,苏州仕德伟
6523925,乐尚装饰,重庆网润
6524715,歌力思,深圳分公司
6525099,shbvip-shsbyk,上海分公司
6525398,星艺装饰天津,天津企商
6525496,金海铭海产品,沈阳盘古
6525956,东莞百盛机电,东莞分公司
6527177,健丰贵金属,天津企商
6530645,丰悦电气,苏州仕德伟
6530768,新大陆品牌设计,河南锐之旗
6532190,vip鼎轴,上海分公司
6532414,jstaike123,苏州仕德伟
6533575,济南团家,济南开创
6534433,华龙科技公司,石家庄盘古
6534618,sh车水马龙-vip,上海分公司
6534900,乐玛摄影,南京首屏
6537367,武汉翡冷翠,武汉百捷
6538245,国杰手机商城,长春盘古
6538406,sh达因,上海分公司
6539038,jingyigroup,苏州仕德伟
6539598,xa-jzt,陕西博德
6542332,腾游科技,浙江首传
6542953,真伊整形,重庆网润
6544006,大晶装饰,成都百都
6544317,山大生殖医院,济南开创
6545003,sh博洛尼,上海分公司
6547240,上舍居,成都百都
6550232,ycyljg,苏州仕德伟
6550591,bj-o-star,北京分公司
6558423,韩方科颜888,东莞分公司
6558862,尊尚柏丽整形,成都百都
6566375,祥敏商贸,石家庄盘古
6566889,冠文教育,大连龙采
6567218,哈三菱电梯,黑龙江龙采
6568912,上海盈灿,上海分公司
6577149,中冶冶金,石家庄盘古
6587142,chhby,苏州仕德伟
6587286,许昌金科食品机械,河南锐之旗
6590401,奥特朗电器,广州分公司
6594585,xa-shop5234,陕西博德
6597393,亿燊模具,重庆网润
6599965,竞网CS圣火130918,湖南竞网
6599997,泸鑫酒水,重庆网润
6605905,element14sh,上海分公司
6608446,科宁和暖,南京首屏
6608995,青国锅炉,石家庄盘古
6609078,szbgsjj,苏州仕德伟
6610100,cny-hezigame,香港(中国搜索（亚洲）有限公司)
6611777,燕姿舞蹈,重庆网润
6611971,桃花季服饰,深圳分公司
6613296,vip-同任装潢,上海分公司
6613503,lz-cyzl,陕西博德
6613969,卡婕妤2013,深圳分公司
6614149,sh奥邦,上海分公司
6614370,臻菲珠宝,河南锐之旗
6615554,和泓假日阳光,海南鑫网
6618186,诚帝家居,成都百都
6619460,sh男左女右,上海分公司
6619495,报业集团,深圳分公司
6623572,sh真珍,上海分公司
6625102,易宠科技2,重庆网润
6625532,工厂门市部,黑龙江龙采
6625562,百顺汽车维修,石家庄盘古
6627822,河南康大酒业,河南锐之旗
6627919,辛义输送设备,石家庄盘古
6627954,bj-艾可慕,北京分公司
6628045,润之达,山西龙采
6632576,威诺圣邦,济南开创
6633601,喜得儿妇科,成都百都
6634156,美拾拾摄影,成都百都
6635051,海南阅房网,海南鑫网
6635178,张亮麻辣烫加盟,黑龙江龙采
6635631,hld-巨霸机电,沈阳盘古
6637414,锦绣防腐木,石家庄盘古
6638709,sh中智-vip,上海分公司
6639112,ksdongshang,苏州仕德伟
6640271,zs-舟山浙商,宁波国技
6640280,ynsgl4440,云南创网
6640944,唐风温泉,义乌激石
6640945,sh力捷,上海分公司
6649141,VIP孚杰动力,上海分公司
6649352,sh阔盛,上海分公司
6651801,szsztjd,苏州仕德伟
6652319,达内0200,云南创网
6653811,anhuihf,苏州仕德伟
6655530,sh普维-vip,上海分公司
6656182,bj-ppzuche,北京分公司
6657499,bj-365好老师,北京分公司
6657558,bj-金马驿站,北京分公司
6659896,亚越密封件,石家庄盘古
6666243,sh上海纯爱,上海分公司
6666360,cny-duogamecard,香港(中国搜索（亚洲）有限公司)
6668828,kssdhb,苏州仕德伟
6669012,软盛4041,云南创网
6669028,皮肤0016,云南创网
6669983,sh-夏丽,上海分公司
6671413,通易科技,广州分公司
6671553,666pinpai,济南开创
6672699,sy脉管炎医院,沈阳盘古
6674626,中南财大招生,武汉百捷
6675982,广州茵曼,广州分公司
6676994,bj-龙诚物流,北京分公司
6679989,大山外国语学校,河南锐之旗
6680202,sh米象,上海分公司
6680248,sh上海哈强,上海分公司
6681127,shaocnzb,苏州仕德伟
6683227,泰昌科技,大连龙采
6684127,bj-中焰明日,北京分公司
6684947,新梦想辅导,石家庄盘古
6685091,qhd台球桌,石家庄盘古
6685188,shbvip-夏越,上海分公司
6685442,成都西南骨科医院,成都百都
6685888,正中醇,黑龙江龙采
6686823,lumingpark,苏州仕德伟
6687184,亿鑫泰机电,大连龙采
6687213,多来教育,河南锐之旗
6689761,sh天畅,上海分公司
6690548,bj-hongchengxiangzhao,北京分公司
6691442,祥安星阀门,石家庄盘古
6693751,中泰美成,苏州仕德伟
6695739,乔东家,成都百都
6696129,林国荣创意科技大学,河南锐之旗
6697078,星辉旅行社01,深圳分公司
6698157,sh炎黄,上海分公司
6698265,shjxjm,上海分公司
6699626,xueche360,苏州仕德伟
6701388,sh丹瑾,上海分公司
6702208,锦山装饰材料,南宁网大
6702585,sh上海率燃,上海分公司
6703270,鑫牛香坊,重庆网润
6704414,快通商旅网,重庆网润
6705643,帮客投资,济南开创
6706483,福兆益高电动车,石家庄盘古
6708088,重庆天怡美,重庆网润
6710778,丽祺机械,盐城思科
6711439,sh洁神-vip,上海分公司
6713371,ts尚展货架,石家庄盘古
6714801,sh-银燕,上海分公司
6714851,nb-亚伯,宁波国技
6716132,广州飞歌,广州分公司
6716603,bj-突破电气,北京分公司
6716682,lz-mnls,陕西博德
6716929,和禧婚礼,石家庄盘古
6717698,信阳团购网,河南锐之旗
6718101,迪迈办公,重庆网润
6719209,展达0262,云南创网
6719326,浩兵硅藻泥,长春盘古
6720094,重庆迪浪,重庆网润
6721942,玄顶黑山羊,重庆网润
6722000,味尚路发,河南锐之旗
6722154,东莞纯儿服饰,东莞分公司
6722233,西梁前山石材,石家庄盘古
6725357,sh印季,上海分公司
6725470,米兰柏羽,成都百都
6726024,礼德财富信息,广州分公司
6726238,赛月盛世,天津企商
6728245,东方逸尚,深圳分公司
6729154,联瑞网络科技,广州分公司
6733483,薇拉光合,武汉百捷
6733571,语卓,深圳分公司
6733858,三毛摄影写真,长春盘古
6733937,毛毛虫摄影,长春盘古
6734946,bj-天天向上02,北京分公司
6736144,只有您婚纱摄影,深圳分公司
6737506,八方电脑,重庆网润
6739198,chnsika,苏州仕德伟
6739610,Youle123456,上海分公司
6739613,sh慧讯光学,上海分公司
6740301,铭湖国际,大连龙采
6741900,沈阳榛胜堂,沈阳盘古
6742313,圣象木业2013,深圳分公司
6743311,lf明月钢结构,石家庄盘古
6746536,shfrobel,上海分公司
6747065,shbvip-瑞慈,上海分公司
6748503,sh蜜儿,上海分公司
6750704,新之源1108,福建百纳
6751311,亚马特科技,重庆网润
6755077,gy-dangyy,陕西博德
6755746,sh卓昔,上海分公司
6758362,xa-pure123,陕西博德
6758817,初尚担保,石家庄盘古
6761276,绿地名凯,江西华邦
6762532,gy-gzyh,陕西博德
6763112,大连春天驾校,大连龙采
6763650,邢台亚泰机械,石家庄盘古
6763898,cctsz01,深圳分公司
6764929,szhtxsy,苏州仕德伟
6765252,xa-yjz,陕西博德
6766645,天艺庆典,石家庄盘古
6767025,sh-广顺,上海分公司
6767124,szhmtz,苏州仕德伟
6768959,上海犇祥,上海分公司
6769051,sh奥轩,上海分公司
6769501,bj-mirindustry,北京分公司
6774066,xa-hlyq,陕西博德
6774222,xh家饰教育,浙江首传
6774351,xn-qkjgf,陕西博德
6774374,hrb中升丰田,黑龙江龙采
6774581,bj-华夏运通,北京分公司
6774769,辽宁舒华,沈阳盘古
6776081,温州dc,温州国技
6776440,易享科技,大连龙采
6776619,gy-gzsht,陕西博德
6777594,其通商贸,武汉百捷
6777769,sh-犇垚,上海分公司
6777932,重庆草王堂,重庆网润
6779284,sh谷诚,上海分公司
6780151,bj-泽泽通汽车,北京分公司
6780167,上海博幻,上海分公司
6781433,ynqlcom,云南创网
6781901,Cqmre,重庆网润
6783611,sh上海品纱,上海分公司
6784586,lz-yhjdw,陕西博德
6784748,上海优遥,上海分公司
6784943,老顽固厨卫,重庆网润
6785499,shkaiting,上海分公司
6785790,jmqz01,济南开创
6787083,电子商务产业园,河南锐之旗
6790051,sh鼎汇,上海分公司
6791697,sh世范,上海分公司
6794744,shbvip-清轩,上海分公司
6794799,乐平金道贵,江西华邦
6795346,张家口小城故事,石家庄盘古
6795877,tongceyl,苏州仕德伟
6796832,xa-bdzyy,陕西博德
6797520,gy-djxsy,陕西博德
6797548,3515强人皮鞋,石家庄盘古
6797656,四通锅炉张凯,河南锐之旗
6800574,xn-dmsm,陕西博德
6803022,jlcar,长春盘古
6803866,sh仁中,上海分公司
6804160,easyabroad,上海分公司
6806536,主恩不锈钢,成都百都
6806723,vip宥颖,上海分公司
6808022,华荣电气,石家庄盘古
6808058,绿A8538,云南创网
6808063,花津餐饮,沈阳盘古
6808151,安耐驰润滑油,石家庄盘古
6808494,科乐玻璃钢,石家庄盘古
6808624,成都老兵搬家,成都百都
6808665,sh开隆-vip,上海分公司
6810158,瑞星行汽车,成都百都
6812230,上海乔雅,上海分公司
6813464,ya-shengshi,陕西博德
6813649,中原同创岗亭,河南锐之旗
6814158,gy-jgsm,陕西博德
6815072,华虹机电,河南锐之旗
6815221,高新盛,深圳分公司
6815356,bj-瑞鸿天宇,北京分公司
6818567,瑞丽整形美容,浙江首传
6821926,品薇,青岛商至信
6821931,健尔源商贸,重庆网润
6822515,中升汽车销售,重庆网润
6823203,沈阳派尔,沈阳盘古
6823204,bj-名孚通汇,北京分公司
6825128,宝贝金融,南京首屏
6825466,sh信隆,上海分公司
6826552,五金电器博览会,义乌激石
6826724,吉林市大信,长春盘古
6826746,xa-qdw,陕西博德
6826934,非凡丽致2014,武汉百捷
6827364,shbvip-会丰,上海分公司
6829131,四川申蓉,成都百都
6829932,xa-juntu,陕西博德
6832165,海洋王照明01,深圳分公司
6833844,国健美容1,长春盘古
6834538,tonghuababy,盐城思科
6834754,济南肛泰5,济南开创
6835725,国砚清环保,重庆网润
6836764,启明之星,厦门易尔通
6839283,天顺房地产,海南鑫网
6840051,竞网CS世纪新娘131209,湖南竞网
6840217,利民糖业,石家庄盘古
6840625,bj-逸行国际,北京分公司
6841360,哈尔滨爱情麻辣烫,黑龙江龙采
6843263,shbvip-msccruises,上海分公司
6843463,金海贷2013,深圳分公司
6844368,长投在线,武汉百捷
6845598,中升汇迪,大连龙采
6845609,sh冠松之星-vip,上海分公司
6848634,同悦机械,无锡泛亚
6849281,凯峰度假村,石家庄盘古
6849349,中医精神1,济南开创
6851059,成都二医院,成都百都
6852234,qhd一颖贝欣,石家庄盘古
6852464,味来食品,石家庄盘古
6852999,bj-人人保,北京分公司
6853979,都驰9938,云南创网
6854263,gy-boyi,陕西博德
6855002,shbvip-来伊份new,上海分公司
6855497,哈尔滨一汽大众,黑龙江龙采
6855955,xa-mlf,陕西博德
6855975,nhjiaxiao,武汉百捷
6856075,bj-MIR,北京分公司
6863553,wh瑞博祥,武汉百捷
6864850,东戴河旅游,沈阳盘古
6864952,康富动漫kfdm,安徽网新
6866211,WZ-盛弘科技,温州国技
6866335,纯画室,浙江首传
6866567,海口桂林洋,海南鑫网
6867270,芝兰硅藻泥,长春盘古
6869112,plxn,苏州仕德伟
6869151,国通高新gtgx,安徽网新
6869284,廊坊格瑞lf,石家庄盘古
6869953,山东建工,济南开创
6872683,cqqianfeng1,重庆网润
6875400,sh双颐,上海分公司
6876567,xa-hsfdm,陕西博德
6877759,熙悦紧固件,石家庄盘古
6877897,永辉珠宝店,河南锐之旗
6880120,美的家装饰1,重庆网润
6881806,sh翔光,上海分公司
6882272,壹午壹食餐饮ywyscy,安徽网新
6883613,新盛荣丰田,大连龙采
6885888,syhome898,海南鑫网
6886286,巴蜀职校2,重庆网润
6891852,xa-ryd,陕西博德
6891959,华宇网络科技,石家庄盘古
6892292,中升凌志,大连龙采
6892794,三只松鼠123,安徽网新
6893935,广申汽车,黑龙江龙采
6894787,阳光艺考1,石家庄盘古
6894813,sh贝斯特,上海分公司
6894958,奥凯环保1,河南锐之旗
6895682,sh勋翔,上海分公司
6895882,VIP易优百,上海分公司
6896068,壹叁搜索,天津企商
6897623,lz-jhjy,陕西博德
6898676,bj-saqishuizhuang,北京分公司
6899898,太湖云电商,无锡泛亚
6900363,大自然生物1,长春盘古
6901843,雏鹰集团,河南锐之旗
6902406,燕德宝汽车,大连龙采
6902569,shoac,上海分公司
6903580,鱼映像暖暖,江西华邦
6906151,shbvip-yunshihui,上海分公司
6906485,必迪安,天津企商
6909523,玉供锅炉,南宁网大
6912644,sh泽晋01,上海分公司
6913621,ucucuc,盐城思科
6914234,财源宝投资,黑龙江龙采
6916224,sh虹欣,上海分公司
6922242,bj-美立方,北京分公司
6923815,瑞银祥和,山西龙采
6924514,铭医铭医,长春盘古
6924927,徳特尔,石家庄盘古
6930515,懒居商城,河南锐之旗
6933918,sh多沃,上海分公司
6933958,捷易通02,重庆网润
6936636,沈阳卓越装饰,沈阳盘古
6936772,沈阳兴天宇,沈阳盘古
6937477,lz-gslsx,陕西博德
6938602,jn老来寿,济南开创
6942095,sh千众,上海分公司
6942623,爱尚家照明,深圳分公司
6943905,奥腾2014,广州分公司
6950055,鑫一起,武汉百捷
6951615,美通汽车,黑龙江龙采
6951731,xa-tlxx,陕西博德
6952997,融展兴邦,黑龙江龙采
6955445,亚飞办公家具,石家庄盘古
6955599,肖格瑞玻璃棉,石家庄盘古
6962653,富源压瓦机,石家庄盘古
6963448,shbvip-欧缇丽,上海分公司
6965311,shbvip-美滋,上海分公司
6967213,亿发鸿运,黑龙江龙采
6967879,邯郸鑫淼森,石家庄盘古
6968324,百捷教育,武汉百捷
6968462,bj-安娜柏丽,北京分公司
6969769,sh段海军,上海分公司
6972206,cc金夫人,长春盘古
6972887,山西帝业,山西龙采
6974478,劳动学校,山西龙采
6974667,骏龙泉,沈阳盘古
6975352,jinfax,南宁网大
6976064,恒德制冷,重庆网润
6976554,纳百川担保,深圳分公司
6989883,晨阳和众,石家庄盘古
6991376,成都永商商贸,成都百都
6992729,sh苏恪士,上海分公司
6995087,玛咖01,广州分公司
6995113,上海臻敬,上海分公司
6995179,广龙汽车,黑龙江龙采
6995186,szhsc88,苏州仕德伟
6995413,大连羽印象,大连龙采
7000531,bj中焰明日,北京分公司
7000726,鑫广达博冠,南宁网大
7001291,bj-商联通,北京分公司
7001759,vip贝优,上海分公司
7009164,龙奥达汽车,黑龙江龙采
7009332,安其居装饰,重庆网润
7011482,shbvip-赛可,上海分公司
7013091,华阳温室,石家庄盘古
7013722,辽西叉车,沈阳盘古
7015227,灵安陵园01,重庆网润
7018470,友信汽车,山西龙采
7018762,森元硅藻土,长春盘古
7018764,利临环保,大连龙采
7019836,安达汽车贸易,石家庄盘古
7020972,格瑞玻璃棉8,石家庄盘古
7021110,成都乐居华庭,成都百都
7021428,shbvip-曼朗,上海分公司
7028681,lz-sxhs,陕西博德
7029436,xa-bdzyyy,陕西博德
7033306,bj-一路财富,北京分公司
7034768,美点饼业,南宁网大
7037259,sh英菲尼迪,上海分公司
7038281,sh卓量,上海分公司
7039030,川金,石家庄盘古
7042182,易折网,厦门易尔通
7044048,bj-好易生,北京分公司
7045903,恒通压瓦机,石家庄盘古
7049230,bj-闼闼同创,北京分公司
7050116,sh宝鼎机械,上海分公司
7050310,pygzlgjx,广州分公司
7053880,shbvip-瑞禹,上海分公司
7058140,仙潭酒业,成都百都
7059978,深圳燕加隆,深圳分公司
7060946,河北亿海168,石家庄盘古
7061789,瑞豪草坪,成都百都
7063569,科大男科,南京首屏
7064313,szly1954,深圳分公司
7064384,cqhjhh,重庆网润
7064442,海南富林,海南鑫网
7066887,sh潮航,上海分公司
7067153,twslm,苏州仕德伟
7067756,shboxinsy,上海分公司
7068736,米兰尊荣mlzr2,安徽网新
7069102,shbvip-vipjp,上海分公司
7070266,shbvip-德骏,上海分公司
7070521,新多马多,黑龙江龙采
7073721,gebinwangye,石家庄盘古
7074887,沈阳林凤,沈阳盘古
7075269,沈阳雄洲快餐,沈阳盘古
7075582,沈飞08,深圳分公司
7077168,尚腾汽车,黑龙江龙采
7077893,sh新日升,上海分公司
7083148,时空摄影,武汉百捷
7083667,帆摄影婚纱,成都百都
7084446,bj-中澳大成,北京分公司
7085232,上海远帝,上海分公司
7086757,重庆喜百味,重庆网润
7087290,现代利泰,黑龙江龙采
7087715,sh慧恩-vip,上海分公司
7088572,温州红房子医院,温州国技
7088593,一心堂9581,云南创网
7089554,sh动平,上海分公司
7092979,bj-和聚网络,北京分公司
7096905,龙晨tzqczb,武汉百捷
7097768,永山窍,南京首屏
7101540,bj-91wangcai,北京分公司
7101651,bj-融尚生活,北京分公司
7102901,同发聚氯包装,石家庄盘古
7103487,sh众平科技,上海分公司
7110260,汇康zhe209a,河南锐之旗
7110407,bj昊海华翔,北京分公司
7111903,zpz-9893,河南锐之旗
7116517,竞网CS薇薇140318,湖南竞网
7118388,sh欣宽装饰,上海分公司
7118887,大未来123,河南锐之旗
7121980,上海律徉,上海分公司
7123146,ty佳信,山西龙采
7128375,爱尔威,常州青之峰
7130552,梦露医学整形,深圳分公司
7133360,无锡格林希尔,无锡泛亚
7133606,武汉俊驰,武汉百捷
7140959,金跃汽车,大连龙采
7142170,红人教育02,重庆网润
7142313,重庆巴根菜,重庆网润
7144286,成都桓瑞,成都百都
7144611,竞网CS梦洁140325,湖南竞网
7146407,晋发机电设备,石家庄盘古
7147376,金亿达汽车公司,黑龙江龙采
7149026,武汉85138,武汉百捷
7149356,d8wed,深圳分公司
7151406,琼海华信2,海南鑫网
7151563,027蓝天国际,武汉百捷
7151853,sh三墨,上海分公司
7154290,哈得力凯捷,黑龙江龙采
7154430,sh宁的,上海分公司
7154716,bj-好收益,北京分公司
7155009,qhd撒可富,石家庄盘古
7155890,sh岁宝,上海分公司
7156754,朵朵润尔,重庆网润
7157433,抢手王麻辣烫,石家庄盘古
7157574,sh51youjuke,上海分公司
7158983,名人网络mrwl1,安徽网新
7159401,爱票网络,深圳分公司
7159423,sh润楚,上海分公司
7161015,友鼎,重庆网润
7161737,华泽装饰,石家庄盘古
7163985,sh征梦,上海分公司
7167740,贷贷3335,云南创网
7169931,love58com,海南鑫网
7170247,love581com,海南鑫网
7172814,shbvip-典梵,上海分公司
7174507,wy网易邮箱,厦门易尔通
7177843,上海汇禧,上海分公司
7180635,成都康泰塑胶,成都百都
7187049,聚诚在线,深圳分公司
7193116,家家购物jjgw1,安徽网新
7196216,lf三鑫机械配件,石家庄盘古
7200616,电务公司,河南锐之旗
7202523,哈轴承技校,黑龙江龙采
7203501,骏杨明科技,江西华邦
7204327,正标津达,天津企商
7204954,广州网易,广州分公司
7204955,bl24680,广州分公司
7206722,飞跃旗舰,台州诺亚方舟
7206770,ts新榕亚,石家庄盘古
7217969,拉薇婚纱定制,石家庄盘古
7221913,szrhjj,苏州仕德伟
7230458,新余大宗,江西华邦
7234051,盐城趣购网,盐城思科
7236656,c游戏06-519,常州青之峰
7240374,sjz联冠体育,石家庄盘古
7240624,卡仕兰百度,义乌激石
7242673,sh央数,上海分公司
7244221,sh巧易思01,上海分公司
7246243,bj-友友联创,北京分公司
7252924,sh百明实业,上海分公司
7253085,sh依工测试,上海分公司
7257854,cny-lkexin,香港(中国搜索（亚洲）有限公司)
7258349,微盟推广vip,上海分公司
7262818,山西新大洋,山西龙采
7266513,bj-gmail163,北京分公司
7268964,wh航海职业技术学院,武汉百捷
7270462,shbvip-岱博贸易,上海分公司
7272866,网博信息,南京首屏
7277181,sh龙工-vip,上海分公司
7277264,成都燊记石烤,成都百都
7282495,sh印季文化,上海分公司
7283014,华东电缆0,河南锐之旗
7283552,sh冠置,上海分公司
7292309,金乐居房产经纪,海南鑫网
7293391,安吉尔实业01,深圳分公司
7294809,外语外事,武汉百捷
7297717,汇丰源贷款,石家庄盘古
7299055,成都远大阀门,成都百都
7299552,聚福源汽贸,山西龙采
7300814,百睿达教育,武汉百捷
7305283,广州竣源,广州分公司
7305387,英泰五金,石家庄盘古
7311321,sh钢铁交易,上海分公司
7325268,上海汇珍,上海分公司
7325510,shbvip-东华大学,上海分公司
7325588,xa-jr007,陕西博德
7328776,三峡联合职业大学88,重庆网润
7329742,重庆卫生技工学校,重庆网润
7330896,sh科匠,上海分公司
7331890,医药研究院1,河南锐之旗
7335422,shbvip-snai,上海分公司
7339235,shbvip-多利,上海分公司
7339302,Romanting,青岛商至信
7339474,翰诺机电,广州分公司
7341696,bj-福康斯,北京分公司
7341998,成都福贵,成都百都
7343703,xn-hxzh,陕西博德
7345049,远华箭牌,山西龙采
7346785,xa-brz,陕西博德
7352595,苗邦,青岛商至信
7353747,文宣网络,广州分公司
7354467,shbvip-唐玺商务,上海分公司
7354512,wywsxy,武汉百捷
7361343,xn-myzc,陕西博德
7366619,华普机械,石家庄盘古
7372648,重深科技88,重庆网润
7373770,成都君客,成都百都
7375756,bj-首都丰田,北京分公司
7376065,成都长江职业学院,成都百都
7379210,中升福新汽车,福建百纳
7379723,VIP-百度账号,上海分公司
7384927,建筑学校0603,福建百纳
7385224,荆州理工海天合作专业,武汉百捷
7385866,bj-39yixie,北京分公司
7386189,shbvip-其越,上海分公司
7387634,润通汽车0603,福建百纳
7388637,sy英特瑞,沈阳盘古
7389563,bj-蓝色假日旅游,北京分公司
7390216,沃能-侯淑红,石家庄盘古
7390241,上海同技,上海分公司
7390435,江西和诚,江西华邦
7390634,济南万泰1,济南开创
7394376,bj-环球瑞视,北京分公司
7394542,襄阳汽车学院,武汉百捷
7394589,chinamoser,石家庄盘古
7394943,shbvip-迈伏,上海分公司
7396432,成都聚康诚科技,成都百都
7397503,成都三盛食品,成都百都
7398770,G宝盆,厦门易尔通
7399313,上海彰典,上海分公司
7404563,工程1036,云南创网
7405116,日东易装饰,大连龙采
7413651,爱尔眼科01,深圳分公司
7414090,bj大元,北京分公司
7414405,沈阳创赢宏成,沈阳盘古
7414434,EUR-RAYBAN,大客户
7414942,jnhxmryy,济南开创
7415338,sh-瑞绩孚,上海分公司
7416034,bj-恒通万佳,北京分公司
7418570,jc-99elon,天津企商
7420174,whhhzyxy,武汉百捷
7420851,hearthouse,重庆网润
7421185,bj-优亿致远,北京分公司
7421544,成都高福记,成都百都
7423732,bj-存利网,北京分公司
7424538,成都宇辰华宇,成都百都
7429694,好艺中专,山西龙采
7431170,ty技师学院,山西龙采
7431659,xa-htzy,陕西博德
7431888,gy-gztll,陕西博德
7433431,南宁龙翔,南宁网大
7433896,机电0960,云南创网
7433905,SimpleCredit,重庆网润
7434229,xa-yd8,陕西博德
7437693,成都聚星堂,成都百都
7439107,sh摩腾,上海分公司
7440263,bj-卡拉丁,北京分公司
7441243,wn-wngd,陕西博德
7445339,gy-gzmdk,陕西博德
7446059,二师报名网,武汉百捷
7447705,sh上海龙奋,上海分公司
7448183,至尚威01,深圳分公司
7454346,武汉工商学院,武汉百捷
7455038,成都天下分社,成都百都
7457106,sh上海励恩,上海分公司
7457745,国泰减速机,重庆网润
7458500,gy-south,陕西博德
7459402,xa-ccbx,陕西博德
7459850,方悦网络,东莞分公司
7461425,成都惠鼎装饰,成都百都
7461638,成都汇美园林,成都百都
7462344,成都三道杠,成都百都
7469333,成都锦江肛肠科,成都百都
7469726,西南附中,重庆网润
7470117,武汉擎木,武汉百捷
7470565,兄弟装饰运营部,重庆网润
7471023,成都华通柠檬,成都百都
7471052,山财tj2,济南开创
7471091,成都楠桥,成都百都
7472625,广州华多,广州分公司
7473502,wh工大自考,武汉百捷
7475142,黑龙江康辉集团,黑龙江龙采
7476634,智羽汽车,广州分公司
7476921,sh安纳吉,上海分公司
7479236,成都汇轩,成都百都
7480947,成都永耀,成都百都
7482174,成都勇霖,成都百都
7482306,成都舒适易佰科技,成都百都
7483216,成都渔凫桥,成都百都
7483463,南昌麦古,江西华邦
7483561,壹点壹客01,深圳分公司
7487274,whgcedu2014,武汉百捷
7487483,cjzfzs2014,武汉百捷
7487558,wybua2014,武汉百捷
7489508,盐城趣购网络,盐城思科
7490315,成都晖鸿门窗,成都百都
7492939,成都标典,成都百都
7494292,南京交通学校,南京首屏
7499655,成都通源,成都百都
7505289,成都蓝海新媒,成都百都
7507416,成都顶豪建筑,成都百都
7508362,sh新共赢,上海分公司
7510545,上海中威,上海分公司
7512563,柔时吧式火锅,河南锐之旗
7512659,福建工业学校0708,福建百纳
7514090,sh睿者,上海分公司
7516233,xa-tuu,陕西博德
7517060,思贝克01,深圳分公司
7518195,Szmaca001,深圳分公司
7518268,呼市网锋,呼和浩特开企
7520491,shbvip-苏蟹阁34,上海分公司
7522751,成都嘉驰,成都百都
7522957,贡茶投资,广州分公司
7524761,励志成,武汉百捷
7524833,xa-awt,陕西博德
7530451,讯成网络888,石家庄盘古
7530698,金宝保,重庆网润
7530779,成都乐婴宝贝,成都百都
7531552,sh-满懿,上海分公司
7531682,成都奎恩摄影,成都百都
7533867,tz电大,台州诺亚方舟
7534325,XN自考成教理工,武汉百捷
7534903,广州速建,广州分公司
7540012,锡才人力资源,无锡泛亚
7543849,WH工商学院自考,武汉百捷
7544812,gka淘,温州国技
7555632,lz-yxhz,陕西博德
7558576,沈阳卡仕达,沈阳盘古
7561701,bj-雅禾教育,北京分公司
7562518,广州惠捷,广州分公司
7562632,创业印章科技,深圳分公司
7563100,shguansongqiche,上海分公司
7567848,zncdzy,武汉百捷
7569049,松冈办公,石家庄盘古
7575405,sx-维拉,山西龙采
7584833,中医大二附院3,济南开创
7586145,上海水份宝,上海分公司
7588604,抚州福广,江西华邦
7588734,sh奇漾,上海分公司
7594749,桂林罗山湖,南宁网大
7596256,成都建邦管业,成都百都
7599418,盛隆行,深圳分公司
7601819,中升丰田0731,福建百纳
7601915,淇祥国际01,深圳分公司
7606365,添财广告,济南开创
7612160,非凡智能,江西华邦
7612925,重庆儿童天堂,重庆网润
7615620,徐州宗申,镇江徐州
7624103,情人网络,成都百都
7626211,shbvip-诚美,上海分公司
7628674,东莞长城宽带,深圳分公司
7635177,尊荣沃尔沃,大连龙采
7640795,成都祥瑞尔商贸,成都百都
7645113,bj-京都信苑,北京分公司
7648884,xa-bhnt,陕西博德
7651720,恒大投资5,安徽网新
7655747,成都泰丰苗木,成都百都
7657311,惠州三民实业,深圳分公司
7661342,hz龙乔机械,浙江首传
7666287,创宇轴承,广州分公司
7668983,sh天郓,上海分公司
7676068,腾信讯通,深圳分公司
7678606,成都sc肛肠医院,成都百都
7678653,上海汇茗,上海分公司
7681975,usd-iherb-1408,香港(中国搜索（亚洲）有限公司)
7682766,xa-rongbang,陕西博德
7684276,shbvip-灰企鹅,上海分公司
7690233,HB工商学院自考,武汉百捷
7692314,华鹏影视,天津企商
7693814,成都永亨,成都百都
7696973,sh好力家,上海分公司
7697099,sh科众,上海分公司
7697346,成都万方,成都百都
7699446,辣小鸭,长春盘古
7703485,路凯汽车,江西华邦
7703672,黛淇服饰,深圳分公司
7707645,sh开帮,上海分公司
7720486,百歌装饰,重庆网润
7726764,上海大惠堂,上海分公司
7727743,bj-鸣鹤鸣和,北京分公司
7728698,lz-werk,陕西博德
7729687,天眼电子,广州分公司
7738185,学易佳,济南开创
7738719,khsuzhou,苏州仕德伟
7743606,sy沈缆公司,沈阳盘古
7748823,sh签宝,上海分公司
7752496,欧润装饰成都,北京分公司
7752847,龙发装饰沈阳,沈阳盘古
7754888,sh德佑,上海分公司
7760663,zdjh-yje,义乌激石
7765847,成都风格包装,成都百都
7772033,乐品摄影lpsy,安徽网新
7774664,成都居之家,成都百都
7778248,环侨移民,沈阳盘古
7780102,成都迁禧搬家,成都百都
7782484,成都运时通租车,成都百都
7795697,上海超前,上海分公司
7799553,湖泉9792,云南创网
7800001,bj-鸿燕,北京分公司
7800344,大运亨通dyht,安徽网新
7800429,成都华美佳,成都百都
7803013,成都冠双金家具,成都百都
7804426,成都万旭金属,成都百都
7805188,成都京诚德亿,成都百都
7817557,成都奢妃,成都百都
7818527,tl-kfhg,新乡青峰
7819380,成都沃金盾,成都百都
7821020,成都吉翔汽车,成都百都
7821347,成都万屋生,成都百都
7827252,优乐装饰,重庆网润
7841949,深圳市蒙娜丽莎,深圳分公司
7854413,sh达加马,上海分公司
7854702,成都鹏博士传媒,成都百都
7882534,shbvip-muyu,上海分公司
7891571,lz-xbgj,陕西博德
7891671,南京首畅,南京首屏
7910222,sh房真真,上海分公司
